timestamp,id,pos_1,pos_2,pos_3,condition
09:42:25.948,1,-1.570509,1.407726,-3.198083,
09:42:26.081,1,-1.535247,1.146887,-3.129148,
09:42:26.215,1,-1.489464,1.407726,-3.057034,
09:42:26.348,1,-1.454593,1.125216,-2.999085,
09:42:26.481,1,-1.431542,1.407726,-2.951072,
09:42:26.615,1,-1.420763,1.149909,-2.918011,
09:42:26.698,1,-1.418167,1.407726,-2.907378,
09:42:26.781,1,-1.415532,1.149862,-2.882814,
09:42:26.865,1,-1.415313,1.407726,-2.869998,
09:42:26.948,1,-1.416959,1.149862,-2.852385,
09:42:27.031,1,-1.423366,1.407726,-2.83371,
09:42:27.165,1,-1.440963,1.149862,-2.797084,
09:42:27.248,1,-1.454822,1.407726,-2.773129,
09:42:27.331,1,-1.468281,1.149862,-2.754973,
09:42:27.415,1,-1.485283,1.407726,-2.729421,
09:42:27.498,1,-1.495379,1.149862,-2.715466,
09:42:27.581,1,-1.508492,1.407726,-2.695472,
09:42:27.681,1,-1.519118,1.149862,-2.678433,
09:42:27.764,1,-1.526812,1.149862,-2.666354,
09:42:27.765,2,-3.772117,1.149862,-1.820906,
09:42:27.849,1,-1.531203,1.149862,-2.658992,
09:42:27.850,2,-3.775639,1.149862,-1.828578,
09:42:27.949,1,-1.535928,1.149862,-2.649705,
09:42:27.949,2,-3.775323,1.149862,-1.825453,
09:42:28.031,1,-1.538466,1.149862,-2.642487,
09:42:28.031,2,-3.777151,1.149862,-1.823861,
09:42:28.116,1,-1.539336,1.149862,-2.638997,
09:42:28.117,2,-3.781557,1.149862,-1.825812,
09:42:28.198,1,-1.539711,1.149862,-2.635268,
09:42:28.198,2,-3.791956,1.149862,-1.82643,
09:42:28.282,1,-1.539735,1.149862,-2.634473,
09:42:28.283,2,-3.795046,1.149862,-1.826596,
09:42:28.365,1,-1.539804,1.149862,-2.632702,
09:42:28.365,2,-3.799525,1.149862,-1.823676,
09:42:28.449,1,-1.539058,1.149862,-2.634724,
09:42:28.449,2,-3.793004,1.149862,-1.820501,
09:42:28.531,1,-1.537324,1.149862,-2.636487,
09:42:28.531,2,-3.782791,1.543367,-1.819091,
09:42:28.615,1,-1.536185,1.540773,-2.635708,
09:42:28.615,2,-3.776375,1.538824,-1.819451,
09:42:28.715,1,-1.534149,1.53721,-2.636256,
09:42:28.715,2,-3.74988,1.535544,-1.833897,
09:42:28.816,1,-1.532092,1.532343,-2.637857,
09:42:28.816,2,-3.721454,1.530166,-1.851618,
09:42:28.915,1,-1.529561,1.52619,-2.637633,
09:42:28.915,2,-3.691321,1.524053,-1.871013,
09:42:28.998,1,-1.526803,1.520905,-2.637923,
09:42:28.998,2,-3.662189,1.518678,-1.896868,
09:42:29.131,1,-1.52396,1.513659,-2.637801,
09:42:29.131,2,-3.628147,1.51743,-1.91947,
09:42:29.215,1,-1.522261,1.517723,-2.635437,
09:42:29.215,2,-3.619174,1.516772,-1.930679,
09:42:29.298,1,-1.518974,1.517631,-2.632848,
09:42:29.298,2,-3.605042,1.516783,-1.939356,
09:42:29.431,1,-1.516405,1.515851,-2.632062,
09:42:29.431,2,-3.590522,1.516024,-1.945726,
09:42:29.515,1,-1.515006,1.423318,-2.631628,
09:42:29.515,2,-3.589124,1.514962,-1.946986,
09:42:29.598,1,-1.512615,1.423479,-2.630977,
09:42:29.598,2,-3.58761,1.514678,-1.946362,
09:42:29.698,1,-1.510713,1.424412,-2.630736,
09:42:29.698,2,-3.594473,1.51485,-1.941066,
09:42:29.781,1,-1.509609,1.423071,-2.630875,
09:42:29.781,2,-3.597055,1.514765,-1.938896,
09:42:29.865,1,-1.508165,1.421881,-2.631204,
09:42:29.866,2,-3.602655,1.514794,-1.935438,
09:42:29.948,1,-1.506503,1.424157,-2.632098,
09:42:29.948,2,-3.611468,1.514698,-1.931047,
09:42:30.031,1,-1.505451,1.424776,-2.632845,
09:42:30.031,2,-3.617194,1.51497,-1.928573,
09:42:30.115,1,-1.504278,1.422561,-2.634254,
09:42:30.115,2,-3.622058,1.515331,-1.923802,
09:42:30.199,1,-1.502762,1.423078,-2.635358,
09:42:30.199,2,-3.624893,1.515581,-1.921271,
09:42:30.281,1,-1.502165,1.423945,-2.636609,
09:42:30.281,2,-3.626508,1.515952,-1.91959,
09:42:30.366,1,-1.502264,1.420046,-2.637209,
09:42:30.366,2,-3.627846,1.516361,-1.918704,
09:42:30.465,1,-1.501729,1.416329,-2.639008,
09:42:30.466,2,-3.629254,1.51648,-1.917791,
09:42:30.565,1,-1.501697,1.419363,-2.64228,
09:42:30.565,2,-3.63076,1.516037,-1.916543,
09:42:30.649,1,-1.501837,1.420758,-2.642847,
09:42:30.649,2,-3.632519,1.516358,-1.916313,
09:42:30.748,1,-1.500968,1.420497,-2.644503,
09:42:30.748,2,-3.633314,1.516674,-1.916124,
09:42:30.848,1,-1.500197,1.427872,-2.645769,
09:42:30.848,2,-3.634021,1.516965,-1.915965,
09:42:30.949,1,-1.49897,1.426493,-2.64697,
09:42:30.949,2,-3.634742,1.517612,-1.915403,
09:42:31.049,1,-1.497881,1.429789,-2.647826,
09:42:31.049,2,-3.635321,1.516577,-1.914614,
09:42:31.148,1,-1.49617,1.432812,-2.649676,
09:42:31.148,2,-3.635807,1.516556,-1.914278,
09:42:31.232,1,-1.495045,1.432916,-2.650827,
09:42:31.232,2,-3.636604,1.516264,-1.914105,
09:42:31.315,1,-1.49295,1.432392,-2.652628,
09:42:31.315,2,-3.638867,1.516048,-1.912446,
09:42:31.400,1,-1.490925,1.430798,-2.654127,
09:42:31.400,2,-3.639074,1.516011,-1.912002,
09:42:31.499,1,-1.489916,1.429678,-2.653979,
09:42:31.499,2,-3.641945,1.515568,-1.910261,
09:42:31.599,1,-1.486872,1.430243,-2.654224,
09:42:31.599,2,-3.644858,1.515692,-1.908422,
09:42:31.698,1,-1.483928,1.429013,-2.654479,
09:42:31.698,2,-3.649471,1.515452,-1.908154,
09:42:31.798,1,-1.481914,1.428448,-2.654425,
09:42:31.798,2,-3.650761,1.515081,-1.907661,
09:42:31.881,1,-1.480262,1.428932,-2.653939,
09:42:31.881,2,-3.653647,1.515175,-1.906803,
09:42:31.982,1,-1.478907,1.429607,-2.652801,
09:42:31.983,2,-3.658682,1.515262,-1.906476,
09:42:32.065,1,-1.478306,1.430446,-2.651455,
09:42:32.065,2,-3.661731,1.515361,-1.906202,
09:42:32.215,1,-1.477806,1.430454,-2.648489,
09:42:32.215,2,-3.666149,1.515346,-1.905805,
09:42:32.348,1,-1.478525,1.430845,-2.644567,
09:42:32.348,2,-3.666678,1.515086,-1.905289,
09:42:32.432,1,-1.479439,1.431429,-2.64313,
09:42:32.432,2,-3.66764,1.515594,-1.904468,
09:42:32.532,1,-1.481375,1.431947,-2.639934,
09:42:32.533,2,-3.667929,1.515911,-1.904289,
09:42:32.615,1,-1.484872,1.431682,-2.636016,
09:42:32.615,2,-3.668072,1.515996,-1.903626,
09:42:32.698,1,-1.486738,1.431185,-2.634427,
09:42:32.699,2,-3.667818,1.515848,-1.90302,
09:42:32.781,1,-1.490953,1.431605,-2.630965,
09:42:32.781,2,-3.668622,1.516316,-1.90293,
09:42:32.865,1,-1.496503,1.431802,-2.628327,
09:42:32.865,2,-3.668618,1.516176,-1.903054,
09:42:32.948,1,-1.500587,1.431733,-2.626041,
09:42:32.948,2,-3.668632,1.516114,-1.903184,
09:42:33.049,1,-1.505413,1.431443,-2.62289,
09:42:33.049,2,-3.66962,1.516182,-1.902745,
09:42:33.148,1,-1.510127,1.431409,-2.620298,
09:42:33.148,2,-3.670234,1.515476,-1.902576,
09:42:33.232,1,-1.516229,1.431802,-2.616192,
09:42:33.233,2,-3.671037,1.515683,-1.902433,
09:42:33.315,1,-1.523489,1.432059,-2.612421,
09:42:33.315,2,-3.671982,1.515183,-1.902624,
09:42:33.465,1,-1.535022,1.432462,-2.604209,
09:42:33.466,2,-3.671612,1.51477,-1.90377,
09:42:33.566,1,-1.544984,1.431428,-2.596527,
09:42:33.566,2,-3.671516,1.514298,-1.903977,
09:42:33.666,1,-1.55356,1.431982,-2.587988,
09:42:33.666,2,-3.672716,1.513537,-1.905602,
09:42:33.767,1,-1.564831,1.43278,-2.577291,
09:42:33.767,2,-3.673867,1.513204,-1.906613,
09:42:33.848,1,-1.572934,1.432776,-2.568458,
09:42:33.848,2,-3.675521,1.513047,-1.907134,
09:42:33.933,1,-1.578157,1.43464,-2.560293,
09:42:33.934,2,-3.676194,1.513511,-1.907565,
09:42:34.015,1,-1.583429,1.434585,-2.550104,
09:42:34.015,2,-3.67714,1.513986,-1.908688,
09:42:34.099,1,-1.585254,1.436338,-2.540888,
09:42:34.099,2,-3.677028,1.514299,-1.909497,
09:42:34.181,1,-1.584851,1.437027,-2.524869,
09:42:34.181,2,-3.67738,1.514978,-1.911251,
09:42:34.315,1,-1.576866,1.436771,-2.494009,
09:42:34.315,2,-3.677121,1.516023,-1.912428,
09:42:34.398,1,-1.566479,1.436616,-2.464066,training_point
09:42:34.398,2,-3.676903,1.516383,-1.913746,training_point
09:42:34.549,1,-1.551322,1.437415,-2.426722,training_point
09:42:34.549,2,-3.676269,1.516159,-1.914989,training_point
09:42:34.649,1,-1.526534,1.437048,-2.380236,training_point
09:42:34.649,2,-3.675369,1.515902,-1.915975,training_point
09:42:34.731,1,-1.508495,1.43669,-2.346274,training_point
09:42:34.731,2,-3.672423,1.515434,-1.916615,training_point
09:42:34.865,1,-1.492753,1.436736,-2.309615,training_point
09:42:34.865,2,-3.670537,1.515819,-1.91802,training_point
09:42:34.998,1,-1.486939,1.436497,-2.282279,training_point
09:42:34.998,2,-3.669654,1.515832,-1.919812,training_point
09:42:35.081,1,-1.483676,1.436475,-2.273804,training_point
09:42:35.081,2,-3.669143,1.516529,-1.920716,training_point
09:42:35.165,1,-1.482584,1.435631,-2.25793,training_point
09:42:35.165,2,-3.667513,1.51618,-1.921501,training_point
09:42:35.248,1,-1.484205,1.435476,-2.250537,training_point
09:42:35.248,2,-3.666789,1.517204,-1.922891,training_point
09:42:35.331,1,-1.492924,1.435774,-2.233467,training_point
09:42:35.331,2,-3.66423,1.516934,-1.924877,training_point
09:42:35.416,1,-1.500061,1.435548,-2.223466,training_point
09:42:35.416,2,-3.663789,1.516875,-1.924683,training_point
09:42:35.498,1,-1.507647,1.434799,-2.214222,training_point
09:42:35.498,2,-3.66266,1.516007,-1.925433,training_point
09:42:35.631,1,-1.52372,1.434407,-2.202201,training_point
09:42:35.631,2,-3.659476,1.515052,-1.926427,training_point
09:42:35.716,1,-1.531051,1.434387,-2.199064,training_point
09:42:35.716,2,-3.657149,1.514283,-1.926963,training_point
09:42:35.798,1,-1.541858,1.43381,-2.195999,training_point
09:42:35.798,2,-3.654702,1.515582,-1.928096,training_point
09:42:35.950,1,-1.552942,1.434077,-2.19422,training_point
09:42:35.950,2,-3.650854,1.51571,-1.928234,training_point
09:42:36.031,1,-1.559547,1.434663,-2.192315,training_point
09:42:36.032,2,-3.651033,1.516064,-1.927096,training_point
09:42:36.115,1,-1.565364,1.433925,-2.190755,training_point
09:42:36.115,2,-3.649611,1.514589,-1.926917,training_point
09:42:36.199,1,-1.569271,1.433517,-2.190532,training_point
09:42:36.199,2,-3.64933,1.510377,-1.926554,training_point
09:42:36.281,1,-1.577068,1.432866,-2.190496,training_point
09:42:36.282,2,-3.645906,1.50489,-1.926765,training_point
09:42:36.365,1,-1.580545,1.432539,-2.190466,training_point
09:42:36.365,2,-3.6421,1.506737,-1.926111,training_point
09:42:36.448,1,-1.583529,1.432214,-2.189714,training_point
09:42:36.448,2,-3.633121,1.504601,-1.928531,training_point
09:42:36.549,1,-1.586856,1.430886,-2.191008,training_point
09:42:36.549,2,-3.628383,1.504168,-1.929619,training_point
09:42:36.649,1,-1.58913,1.429523,-2.191316,training_point
09:42:36.649,2,-3.62433,1.504771,-1.92953,training_point
09:42:36.731,1,-1.590879,1.42866,-2.190932,training_point
09:42:36.731,2,-3.620648,1.504459,-1.929182,training_point
09:42:36.815,1,-1.592266,1.428334,-2.190125,training_point
09:42:36.816,2,-3.619239,1.503218,-1.928615,training_point
09:42:36.898,1,-1.593896,1.428254,-2.190077,training_point
09:42:36.899,2,-3.616945,1.502246,-1.929863,training_point
09:42:36.981,1,-1.596155,1.428484,-2.18915,training_point
09:42:36.981,2,-3.613668,1.503411,-1.929677,training_point
09:42:37.065,1,-1.597234,1.427989,-2.189047,training_point
09:42:37.065,2,-3.612108,1.503656,-1.929049,training_point
09:42:37.148,1,-1.599427,1.427572,-2.187834,training_point
09:42:37.148,2,-3.61121,1.50452,-1.929369,training_point
09:42:37.281,1,-1.600635,1.42623,-2.187064,training_point
09:42:37.281,2,-3.609416,1.503959,-1.928286,training_point
09:42:37.433,1,-1.600897,1.426013,-2.186192,training_point
09:42:37.433,2,-3.608705,1.505244,-1.927604,training_point
09:42:37.515,1,-1.60121,1.426618,-2.185708,training_point
09:42:37.515,2,-3.608433,1.505534,-1.927129,training_point
09:42:37.599,1,-1.601261,1.426894,-2.185287,training_point
09:42:37.599,2,-3.608086,1.506721,-1.926904,training_point
09:42:37.681,1,-1.601288,1.428501,-2.184723,training_point
09:42:37.681,2,-3.607596,1.507363,-1.926804,training_point
09:42:37.832,1,-1.601119,1.423213,-2.184663,training_point
09:42:37.832,2,-3.607457,1.508491,-1.926098,training_point
09:42:37.915,1,-1.60076,1.422454,-2.18514,training_point
09:42:37.915,2,-3.607643,1.508941,-1.926391,training_point
09:42:37.999,1,-1.600567,1.421062,-2.185273,training_point
09:42:37.999,2,-3.607605,1.508289,-1.926481,training_point
09:42:38.081,1,-1.600156,1.419722,-2.186773,training_point
09:42:38.082,2,-3.607544,1.50791,-1.926692,training_point
09:42:38.215,1,-1.599503,1.419412,-2.1877,training_point
09:42:38.215,2,-3.607569,1.508711,-1.926885,training_point
09:42:38.316,1,-1.599244,1.425883,-2.188778,training_point
09:42:38.317,2,-3.607531,1.507535,-1.928006,training_point
09:42:38.398,1,-1.598303,1.426937,-2.190641,training_point
09:42:38.398,2,-3.607309,1.507078,-1.929389,training_point
09:42:38.482,1,-1.598097,1.427178,-2.190611,training_point
09:42:38.482,2,-3.607237,1.507124,-1.92954,training_point
09:42:38.565,1,-1.597975,1.425962,-2.190421,training_point
09:42:38.565,2,-3.607294,1.507853,-1.929994,training_point
09:42:38.648,1,-1.597766,1.425454,-2.190779,training_point
09:42:38.648,2,-3.607185,1.507319,-1.93006,training_point
09:42:38.732,1,-1.597546,1.42503,-2.190327,training_point
09:42:38.732,2,-3.607148,1.506676,-1.930287,training_point
09:42:38.815,1,-1.59738,1.424315,-2.19006,training_point
09:42:38.815,2,-3.606397,1.506448,-1.930334,training_point
09:42:38.898,1,-1.5974,1.423859,-2.189526,training_point
09:42:38.898,2,-3.606327,1.50597,-1.930598,training_point
09:42:38.981,1,-1.5975,1.424043,-2.188875,training_point
09:42:38.982,2,-3.606563,1.506434,-1.930786,training_point
09:42:39.115,1,-1.597283,1.423741,-2.187463,training_point
09:42:39.115,2,-3.605673,1.507718,-1.930657,training_point
09:42:39.198,1,-1.597554,1.423782,-2.18696,training_point
09:42:39.199,2,-3.606133,1.507676,-1.930621,training_point
09:42:39.281,1,-1.597644,1.423728,-2.185903,training_point
09:42:39.282,2,-3.606253,1.507723,-1.930579,training_point
09:42:39.382,1,-1.597782,1.424037,-2.18514,training_point
09:42:39.382,2,-3.606601,1.507855,-1.930875,training_point
09:42:39.465,1,-1.597754,1.425269,-2.18478,training_point
09:42:39.465,2,-3.607519,1.507499,-1.931243,training_point
09:42:39.548,1,-1.597512,1.425491,-2.184503,training_point
09:42:39.548,2,-3.607683,1.50718,-1.931182,training_point
09:42:39.681,1,-1.597071,1.425709,-2.183777,training_point
09:42:39.682,2,-3.608881,1.507131,-1.931268,training_point
09:42:39.765,1,-1.596559,1.425083,-2.183344,training_point
09:42:39.766,2,-3.608922,1.506204,-1.93105,training_point
09:42:39.848,1,-1.595527,1.424887,-2.182003,training_point
09:42:39.848,2,-3.609034,1.506649,-1.930733,training_point
09:42:39.931,1,-1.594324,1.424738,-2.181411,training_point
09:42:39.932,2,-3.609357,1.5064,-1.930365,training_point
09:42:40.015,1,-1.592323,1.424622,-2.179085,training_point
09:42:40.015,2,-3.609371,1.505543,-1.930707,training_point
09:42:40.098,1,-1.591131,1.425105,-2.178405,training_point
09:42:40.098,2,-3.608733,1.50555,-1.930039,training_point
09:42:40.181,1,-1.588914,1.425161,-2.176549,training_point
09:42:40.182,2,-3.609252,1.505924,-1.929493,training_point
09:42:40.315,1,-1.587545,1.424546,-2.175437,training_point
09:42:40.315,2,-3.609186,1.505117,-1.929198,training_point
09:42:40.448,1,-1.587253,1.424485,-2.175003,training_point
09:42:40.448,2,-3.608925,1.505529,-1.929053,training_point
09:42:40.531,1,-1.586373,1.424507,-2.174478,training_point
09:42:40.531,2,-3.60979,1.505662,-1.928888,training_point
09:42:40.616,1,-1.585873,1.425023,-2.174144,training_point
09:42:40.616,2,-3.609057,1.505961,-1.929009,training_point
09:42:40.698,1,-1.585848,1.425375,-2.173751,training_point
09:42:40.698,2,-3.609011,1.505837,-1.927677,training_point
09:42:40.782,1,-1.584652,1.42553,-2.172546,training_point
09:42:40.783,2,-3.608723,1.505957,-1.927576,training_point
09:42:40.865,1,-1.583883,1.426533,-2.171547,training_point
09:42:40.865,2,-3.608377,1.505903,-1.927576,training_point
09:42:40.948,1,-1.583854,1.426207,-2.171422,training_point
09:42:40.948,2,-3.607857,1.506034,-1.926817,training_point
09:42:41.031,1,-1.583567,1.426319,-2.171119,training_point
09:42:41.032,2,-3.607879,1.505918,-1.926331,training_point
09:42:41.115,1,-1.583432,1.426965,-2.170758,training_point
09:42:41.115,2,-3.607601,1.505952,-1.926247,training_point
09:42:41.199,1,-1.583175,1.426708,-2.170263,training_point
09:42:41.199,2,-3.60758,1.506122,-1.925341,training_point
09:42:41.281,1,-1.582914,1.426563,-2.170059,training_point
09:42:41.282,2,-3.607002,1.506368,-1.925237,training_point
09:42:41.434,1,-1.582179,1.424061,-2.169481,training_point
09:42:41.434,2,-3.606429,1.506085,-1.924744,training_point
09:42:41.515,1,-1.581541,1.427012,-2.169045,training_point
09:42:41.515,2,-3.605866,1.505952,-1.923835,training_point
09:42:41.599,1,-1.579448,1.427068,-2.167143,training_point
09:42:41.599,2,-3.605683,1.505562,-1.923536,training_point
09:42:41.681,1,-1.577412,1.426488,-2.16501,training_point
09:42:41.682,2,-3.60501,1.505832,-1.922523,training_point
09:42:41.766,1,-1.574468,1.42698,-2.162473,training_point
09:42:41.767,2,-3.604892,1.505038,-1.922451,training_point
09:42:41.865,1,-1.572914,1.428459,-2.160645,training_point
09:42:41.867,2,-3.60476,1.505184,-1.922237,training_point
09:42:41.948,1,-1.572557,1.425795,-2.15893,training_point
09:42:41.948,2,-3.60481,1.505347,-1.92137,training_point
09:42:42.081,1,-1.569731,1.427435,-2.153667,training_point
09:42:42.082,2,-3.604797,1.504941,-1.920923,training_point
09:42:42.165,1,-1.56885,1.427186,-2.152582,training_point
09:42:42.165,2,-3.604543,1.505091,-1.921116,training_point
09:42:42.266,1,-1.567994,1.425707,-2.150301,training_point
09:42:42.266,2,-3.605799,1.504985,-1.919446,training_point
09:42:42.348,1,-1.567188,1.427056,-2.148801,training_point
09:42:42.348,2,-3.606929,1.504308,-1.92011,training_point
09:42:42.498,1,-1.565909,1.427604,-2.145942,training_point
09:42:42.498,2,-3.60789,1.503956,-1.919012,training_point
09:42:42.581,1,-1.565684,1.42737,-2.145523,training_point
09:42:42.582,2,-3.608004,1.503392,-1.919464,training_point
09:42:42.715,1,-1.565867,1.427897,-2.143317,training_point
09:42:42.715,2,-3.608273,1.503283,-1.917696,training_point
09:42:42.798,1,-1.565827,1.428552,-2.142173,training_point
09:42:42.798,2,-3.608771,1.503394,-1.918151,training_point
09:42:42.881,1,-1.565932,1.428787,-2.14101,training_point
09:42:42.882,2,-3.608667,1.503099,-1.917346,training_point
09:42:43.015,1,-1.565958,1.428645,-2.140137,training_point
09:42:43.015,2,-3.607074,1.502986,-1.917192,training_point
09:42:43.099,1,-1.565463,1.427922,-2.139017,training_point
09:42:43.099,2,-3.606391,1.502818,-1.917359,training_point
09:42:43.181,1,-1.564886,1.428069,-2.137322,training_point
09:42:43.182,2,-3.605826,1.502822,-1.916836,training_point
09:42:43.283,1,-1.565121,1.42724,-2.137392,training_point
09:42:43.283,2,-3.602843,1.502855,-1.917366,training_point
09:42:43.365,1,-1.565305,1.427817,-2.137491,training_point
09:42:43.365,2,-3.603381,1.50317,-1.916711,training_point
09:42:43.498,1,-1.563918,1.427952,-2.133672,training_point
09:42:43.498,2,-3.603338,1.503439,-1.916601,training_point
09:42:43.582,1,-1.56395,1.428131,-2.133263,training_point
09:42:43.582,2,-3.603401,1.503757,-1.917136,training_point
09:42:43.665,1,-1.564111,1.428228,-2.131927,training_point
09:42:43.665,2,-3.603186,1.504974,-1.918356,training_point
09:42:43.798,1,-1.563755,1.429021,-2.130763,training_point
09:42:43.798,2,-3.603083,1.504505,-1.920164,training_point
09:42:43.882,1,-1.563743,1.427824,-2.130555,training_point
09:42:43.882,2,-3.603651,1.505493,-1.919083,training_point
09:42:43.965,1,-1.563581,1.427759,-2.130418,training_point
09:42:43.965,2,-3.603324,1.505441,-1.918575,training_point
09:42:44.049,1,-1.563272,1.428377,-2.130463,training_point
09:42:44.050,2,-3.603001,1.505401,-1.918701,training_point
09:42:44.131,1,-1.563142,1.426762,-2.130742,training_point
09:42:44.132,2,-3.60171,1.504761,-1.919211,training_point
09:42:44.216,1,-1.563138,1.424269,-2.13138,training_point
09:42:44.216,2,-3.602515,1.505177,-1.919616,training_point
09:42:44.298,1,-1.56418,1.424163,-2.135514,training_point
09:42:44.298,2,-3.602178,1.505494,-1.920383,training_point
09:42:44.432,1,-1.564279,1.42484,-2.138128,training_point
09:42:44.432,2,-3.601189,1.505386,-1.921404,training_point
09:42:44.515,1,-1.564654,1.42132,-2.140508,training_point
09:42:44.516,2,-3.600862,1.505189,-1.921515,training_point
09:42:44.598,1,-1.564095,1.419941,-2.141444,training_point
09:42:44.598,2,-3.600964,1.504944,-1.921651,training_point
09:42:44.732,1,-1.563864,1.421745,-2.143672,training_point
09:42:44.732,2,-3.600549,1.504866,-1.922389,training_point
09:42:44.815,1,-1.563284,1.423419,-2.144287,training_point
09:42:44.815,2,-3.600862,1.504901,-1.922356,training_point
09:42:44.898,1,-1.562782,1.424836,-2.145705,training_point
09:42:44.898,2,-3.602441,1.504401,-1.92285,training_point
09:42:45.032,1,-1.561963,1.425279,-2.148535,training_point
09:42:45.032,2,-3.602366,1.504415,-1.92332,training_point
09:42:45.115,1,-1.561106,1.425131,-2.149808,training_point
09:42:45.115,2,-3.602931,1.50444,-1.923681,training_point
09:42:45.198,1,-1.559999,1.425412,-2.151291,training_point
09:42:45.199,2,-3.602743,1.503508,-1.923888,training_point
09:42:45.281,1,-1.55999,1.425252,-2.152996,training_point
09:42:45.282,2,-3.602662,1.503312,-1.923695,training_point
09:42:45.366,1,-1.559645,1.425948,-2.154391,training_point
09:42:45.367,2,-3.602541,1.50313,-1.923866,training_point
09:42:45.448,1,-1.559788,1.425825,-2.156128,training_point
09:42:45.448,2,-3.602879,1.503034,-1.924366,training_point
09:42:45.532,1,-1.559221,1.426346,-2.159239,training_point
09:42:45.533,2,-3.602756,1.503105,-1.924558,training_point
09:42:45.615,1,-1.558953,1.425343,-2.161292,training_point
09:42:45.615,2,-3.602596,1.502992,-1.924394,training_point
09:42:45.699,1,-1.558362,1.425127,-2.162788,training_point
09:42:45.700,2,-3.602675,1.503102,-1.92383,training_point
09:42:45.781,1,-1.557855,1.425791,-2.164595,training_point
09:42:45.782,2,-3.603609,1.503076,-1.924552,training_point
09:42:45.915,1,-1.557208,1.426835,-2.167062,training_point
09:42:45.915,2,-3.603494,1.502897,-1.92485,training_point
09:42:46.048,1,-1.556969,1.425074,-2.169202,training_point
09:42:46.048,2,-3.603652,1.50347,-1.925777,training_point
09:42:46.181,1,-1.55711,1.425056,-2.169434,training_point
09:42:46.182,2,-3.604619,1.503586,-1.926792,training_point
09:42:46.315,1,-1.556069,1.426143,-2.171452,training_point
09:42:46.315,2,-3.60466,1.504296,-1.92715,training_point
09:42:46.398,1,-1.555547,1.426113,-2.172347,training_point
09:42:46.398,2,-3.604441,1.504499,-1.926759,training_point
09:42:46.481,1,-1.555494,1.425345,-2.172678,training_point
09:42:46.482,2,-3.603434,1.504128,-1.926567,training_point
09:42:46.565,1,-1.554972,1.424951,-2.173477,training_point
09:42:46.565,2,-3.602771,1.504268,-1.926427,training_point
09:42:46.698,1,-1.553871,1.424619,-2.174297,training_point
09:42:46.698,2,-3.604788,1.50405,-1.927672,training_point
09:42:46.831,1,-1.554195,1.424117,-2.173584,training_point
09:42:46.832,2,-3.603254,1.503668,-1.928171,training_point
09:42:46.965,1,-1.553145,1.423401,-2.174775,training_point
09:42:46.965,2,-3.603053,1.503669,-1.92904,training_point
09:42:47.115,1,-1.552543,1.42411,-2.175136,training_point
09:42:47.115,2,-3.601608,1.504288,-1.930873,training_point
09:42:47.198,1,-1.552504,1.423923,-2.175174,training_point
09:42:47.200,2,-3.59794,1.504794,-1.931282,training_point
09:42:47.281,1,-1.552171,1.424122,-2.175317,training_point
09:42:47.282,2,-3.5901,1.504844,-1.934185,training_point
09:42:47.415,1,-1.554388,1.424377,-2.173323,training_point
09:42:47.415,2,-3.572616,1.505186,-1.941812,training_point
09:42:47.549,1,-1.554603,1.426567,-2.173146,training_point
09:42:47.549,2,-3.556163,1.505518,-1.955812,training_point
09:42:47.632,1,-1.553907,1.426879,-2.173745,training_point
09:42:47.633,2,-3.549694,1.506115,-1.959383,training_point
09:42:47.715,1,-1.554803,1.425864,-2.173351,training_point
09:42:47.715,2,-3.540426,1.506412,-1.968422,training_point
09:42:47.848,1,-1.554453,1.425559,-2.174485,training_point
09:42:47.848,2,-3.531929,1.50625,-1.980054,training_point
09:42:47.999,1,-1.555493,1.424826,-2.17355,training_point
09:42:47.999,2,-3.525428,1.505801,-1.996324,training_point
09:42:48.082,1,-1.55564,1.425176,-2.174648,training_point
09:42:48.082,2,-3.520637,1.505765,-2.008124,training_point
09:42:48.215,1,-1.556861,1.424784,-2.173335,training_point
09:42:48.215,2,-3.514663,1.506055,-2.03314,training_point
09:42:48.299,1,-1.556737,1.425037,-2.175799,training_point
09:42:48.300,2,-3.513591,1.505462,-2.044397,training_point
09:42:48.381,1,-1.557559,1.425793,-2.176118,training_point
09:42:48.382,2,-3.512183,1.505445,-2.074917,training_point
09:42:48.466,1,-1.557745,1.425386,-2.177446,training_point
09:42:48.466,2,-3.511428,1.505248,-2.095678,training_point
09:42:48.548,1,-1.558551,1.425656,-2.176806,training_point
09:42:48.548,2,-3.511539,1.505071,-2.126041,training_point
09:42:48.632,1,-1.558811,1.425727,-2.178,training_point
09:42:48.632,2,-3.513625,1.505104,-2.151635,training_point
09:42:48.715,1,-1.558701,1.4249,-2.178755,training_point
09:42:48.715,2,-3.50804,1.505607,-2.181468,training_point
09:42:48.798,1,-1.558751,1.426502,-2.179598,training_point
09:42:48.798,2,-3.503932,1.5053,-2.197927,training_point
09:42:48.931,1,-1.558097,1.426525,-2.180648,training_point
09:42:48.932,2,-3.49063,1.505295,-2.224667,training_point
09:42:49.082,1,-1.558149,1.427921,-2.18143,training_point
09:42:49.082,2,-3.480876,1.505337,-2.239814,training_point
09:42:49.165,1,-1.558404,1.427072,-2.181692,training_point
09:42:49.165,2,-3.477339,1.50525,-2.242824,training_point
09:42:49.248,1,-1.558355,1.427622,-2.181842,training_point
09:42:49.248,2,-3.469037,1.506014,-2.244692,training_point
09:42:49.332,1,-1.558393,1.432665,-2.181814,training_point
09:42:49.333,2,-3.463609,1.506068,-2.2447,training_point
09:42:49.415,1,-1.558484,1.428396,-2.181756,training_point
09:42:49.415,2,-3.446764,1.505867,-2.242008,training_point
09:42:49.500,1,-1.559484,1.424557,-2.177939,training_point
09:42:49.500,2,-3.435871,1.506031,-2.239365,training_point
09:42:49.582,1,-1.559898,1.426019,-2.176766,training_point
09:42:49.582,2,-3.409596,1.505416,-2.235448,training_point
09:42:49.715,1,-1.559903,1.424635,-2.176424,training_point
09:42:49.715,2,-3.366081,1.506158,-2.229021,training_point
09:42:49.866,1,-1.560505,1.425186,-2.17431,training_point
09:42:49.867,2,-3.311254,1.505639,-2.219093,training_point
09:42:49.948,1,-1.560001,1.426368,-2.174709,training_point
09:42:49.948,2,-3.268571,1.506418,-2.212661,training_point
09:42:50.032,1,-1.560248,1.429391,-2.17407,training_point
09:42:50.032,2,-3.240694,1.505255,-2.208877,training_point
09:42:50.133,1,-1.560726,1.431004,-2.173579,training_point
09:42:50.133,2,-3.200041,1.505239,-2.207172,training_point
09:42:50.215,1,-1.560596,1.434687,-2.173944,training_point
09:42:50.215,2,-3.163431,1.504761,-2.205655,training_point
09:42:50.298,1,-1.56091,1.436589,-2.173602,training_point
09:42:50.298,2,-3.138403,1.505401,-2.205075,training_point
09:42:50.399,1,-1.561605,1.436143,-2.172792,training_point
09:42:50.399,2,-3.106027,1.505015,-2.203263,training_point
09:42:50.481,1,-1.561801,1.435924,-2.172074,training_point
09:42:50.482,2,-3.079045,1.504882,-2.20087,training_point
09:42:50.566,1,-1.561178,1.437821,-2.172352,training_point
09:42:50.566,2,-3.066423,1.504445,-2.201495,training_point
09:42:50.648,1,-1.561316,1.440351,-2.171346,training_point
09:42:50.648,2,-3.046883,1.504533,-2.201881,training_point
09:42:50.798,1,-1.561117,1.447137,-2.171605,training_point
09:42:50.798,2,-3.028374,1.504608,-2.200476,training_point
09:42:50.882,1,-1.560431,1.449668,-2.171452,training_point
09:42:50.882,2,-3.014757,1.50447,-2.2005,training_point
09:42:50.965,1,-1.560198,1.450062,-2.171286,training_point
09:42:50.965,2,-3.011759,1.504103,-2.201456,training_point
09:42:51.048,1,-1.560121,1.449428,-2.170794,training_point
09:42:51.048,2,-3.010393,1.504085,-2.20164,training_point
09:42:51.132,1,-1.560026,1.447598,-2.170648,training_point
09:42:51.132,2,-3.004042,1.504128,-2.202667,training_point
09:42:51.215,1,-1.560408,1.445126,-2.170326,training_point
09:42:51.215,2,-3.001997,1.505854,-2.203347,training_point
09:42:51.348,1,-1.560343,1.442641,-2.168935,training_point
09:42:51.348,2,-2.99701,1.505738,-2.205951,training_point
09:42:51.432,1,-1.559271,1.438192,-2.167943,training_point
09:42:51.432,2,-2.996237,1.504828,-2.206345,training_point
09:42:51.515,1,-1.559487,1.433485,-2.166526,training_point
09:42:51.515,2,-2.994554,1.505523,-2.208032,training_point
09:42:51.599,1,-1.557138,1.429482,-2.164464,training_point
09:42:51.599,2,-2.993953,1.504197,-2.208864,training_point
09:42:51.682,1,-1.555843,1.428626,-2.16373,training_point
09:42:51.682,2,-2.992937,1.504675,-2.21007,training_point
09:42:51.832,1,-1.555828,1.427195,-2.162509,training_point
09:42:51.832,2,-2.992487,1.504829,-2.211439,training_point
09:42:51.933,1,-1.556554,1.422557,-2.161593,training_point
09:42:51.933,2,-2.992245,1.504597,-2.212046,training_point
09:42:52.033,1,-1.556872,1.422934,-2.161185,training_point
09:42:52.033,2,-2.991816,1.504987,-2.21301,training_point
09:42:52.115,1,-1.557916,1.421147,-2.160775,training_point
09:42:52.115,2,-2.991564,1.505879,-2.21335,training_point
09:42:52.248,1,-1.558818,1.419168,-2.160405,training_point
09:42:52.248,2,-2.991347,1.505932,-2.213127,training_point
09:42:52.333,1,-1.559393,1.418371,-2.160401,training_point
09:42:52.333,2,-2.991243,1.505748,-2.213146,training_point
09:42:52.415,1,-1.559837,1.418454,-2.160417,training_point
09:42:52.415,2,-2.991339,1.506384,-2.21304,training_point
09:42:52.498,1,-1.559836,1.41866,-2.160734,training_point
09:42:52.498,2,-2.990973,1.506373,-2.212766,training_point
09:42:52.582,1,-1.560145,1.417526,-2.160919,training_point
09:42:52.582,2,-2.990622,1.506241,-2.212278,training_point
09:42:52.715,1,-1.559126,1.419088,-2.161279,training_point
09:42:52.715,2,-2.990591,1.506173,-2.212128,training_point
09:42:52.798,1,-1.559,1.418426,-2.161795,training_point
09:42:52.798,2,-2.990366,1.506213,-2.212296,training_point
09:42:52.882,1,-1.559385,1.418046,-2.162582,training_point
09:42:52.882,2,-2.989948,1.506115,-2.212456,training_point
09:42:52.965,1,-1.559731,1.416841,-2.16305,training_point
09:42:52.965,2,-2.989838,1.506363,-2.212738,training_point
09:42:53.048,1,-1.559115,1.416158,-2.163264,training_point
09:42:53.048,2,-2.989656,1.506616,-2.212941,training_point
09:42:53.132,1,-1.558922,1.415179,-2.163354,training_point
09:42:53.133,2,-2.98881,1.506606,-2.213442,training_point
09:42:53.215,1,-1.558318,1.415078,-2.163684,training_point
09:42:53.215,2,-2.9886,1.506871,-2.213904,training_point
09:42:53.298,1,-1.558418,1.414943,-2.163726,training_point
09:42:53.298,2,-2.988806,1.507825,-2.214122,training_point
09:42:53.382,1,-1.558842,1.415672,-2.163571,training_point
09:42:53.382,2,-2.988687,1.507517,-2.214528,training_point
09:42:53.465,1,-1.559103,1.415947,-2.163511,training_point
09:42:53.466,2,-2.989019,1.507594,-2.215409,training_point
09:42:53.548,1,-1.558424,1.415739,-2.163757,training_point
09:42:53.548,2,-2.988954,1.50758,-2.215977,training_point
09:42:53.682,1,-1.558209,1.415714,-2.163673,training_point
09:42:53.682,2,-2.988504,1.507607,-2.2164,training_point
09:42:53.815,1,-1.557009,1.415477,-2.162746,training_point
09:42:53.815,2,-2.988922,1.507459,-2.216455,training_point
09:42:53.948,1,-1.556404,1.415467,-2.161965,training_point
09:42:53.948,2,-2.98934,1.507498,-2.2171,training_point
09:42:54.082,1,-1.555858,1.415215,-2.16106,training_point
09:42:54.082,2,-2.989464,1.507801,-2.217429,training_point
09:42:54.215,1,-1.552756,1.415383,-2.159522,training_point
09:42:54.215,2,-2.989258,1.508025,-2.217352,training_point
09:42:54.348,1,-1.550305,1.415258,-2.159789,training_point
09:42:54.348,2,-2.989017,1.507967,-2.217388,training_point
09:42:54.482,1,-1.546554,1.41529,-2.159615,training_point
09:42:54.482,2,-2.992548,1.507711,-2.216238,training_point
09:42:54.615,1,-1.542213,1.415585,-2.160595,training_point
09:42:54.615,2,-2.991083,1.507058,-2.216563,training_point
09:42:54.748,1,-1.537477,1.415483,-2.161639,training_point
09:42:54.748,2,-2.99105,1.506768,-2.216793,training_point
09:42:54.882,1,-1.529827,1.4156,-2.164114,training_point
09:42:54.882,2,-2.99106,1.506706,-2.216856,training_point
09:42:55.015,1,-1.523729,1.416049,-2.168082,training_point
09:42:55.015,2,-2.9905,1.506889,-2.217201,training_point
09:42:55.100,1,-1.521395,1.415901,-2.16968,training_point
09:42:55.100,2,-2.993555,1.506737,-2.216804,training_point
09:42:55.182,1,-1.518249,1.415938,-2.170823,training_point
09:42:55.182,2,-2.991959,1.507076,-2.217355,training_point
09:42:55.315,1,-1.508354,1.415338,-2.177915,training_point
09:42:55.315,2,-2.99135,1.507001,-2.217788,training_point
09:42:55.448,1,-1.501414,1.415385,-2.182528,training_point
09:42:55.448,2,-2.990881,1.506919,-2.218163,training_point
09:42:55.532,1,-1.49931,1.415333,-2.184004,training_point
09:42:55.532,2,-2.991005,1.506784,-2.218131,training_point
09:42:55.615,1,-1.495016,1.415265,-2.187799,training_point
09:42:55.615,2,-2.992824,1.506682,-2.217624,training_point
09:42:55.748,1,-1.490227,1.415111,-2.190443,training_point
09:42:55.748,2,-2.996044,1.50648,-2.215949,training_point
09:42:55.899,1,-1.488058,1.415445,-2.194763,training_point
09:42:55.900,2,-2.993262,1.506523,-2.21716,training_point
09:42:56.000,1,-1.484924,1.415552,-2.196475,training_point
09:42:56.000,2,-2.993021,1.506364,-2.217447,training_point
09:42:56.099,1,-1.483935,1.415941,-2.19771,training_point
09:42:56.099,2,-2.995181,1.505998,-2.216564,training_point
09:42:56.182,1,-1.482132,1.416237,-2.199803,training_point
09:42:56.182,2,-2.994779,1.506378,-2.217078,training_point
09:42:56.333,1,-1.479899,1.416501,-2.201243,training_point
09:42:56.333,2,-2.994458,1.506418,-2.216557,training_point
09:42:56.433,1,-1.480428,1.416278,-2.202111,training_point
09:42:56.433,2,-2.993116,1.506145,-2.216592,training_point
09:42:56.533,1,-1.48062,1.416475,-2.202846,training_point
09:42:56.533,2,-2.994348,1.50644,-2.215639,training_point
09:42:56.615,1,-1.480251,1.416954,-2.203645,training_point
09:42:56.615,2,-2.996899,1.506017,-2.214691,training_point
09:42:56.748,1,-1.481937,1.417254,-2.203777,training_point
09:42:56.748,2,-2.998904,1.506148,-2.214005,training_point
09:42:56.833,1,-1.482267,1.416686,-2.203823,training_point
09:42:56.833,2,-2.99715,1.506433,-2.213435,training_point
09:42:56.915,1,-1.482924,1.416787,-2.205085,training_point
09:42:56.915,2,-3.00025,1.504102,-2.212747,training_point
09:42:57.048,1,-1.483372,1.416519,-2.204941,training_point
09:42:57.048,2,-2.999603,1.505142,-2.212513,training_point
09:42:57.182,1,-1.483543,1.416639,-2.204837,training_point
09:42:57.182,2,-3.001342,1.505241,-2.21213,training_point
09:42:57.265,1,-1.484396,1.416622,-2.204177,training_point
09:42:57.265,2,-3.001266,1.502658,-2.212231,training_point
09:42:57.348,1,-1.484056,1.416098,-2.203524,training_point
09:42:57.348,2,-3.001081,1.5037,-2.212102,training_point
09:42:57.432,1,-1.483994,1.415983,-2.202953,training_point
09:42:57.432,2,-2.999316,1.50331,-2.211829,training_point
09:42:57.515,1,-1.483946,1.416258,-2.202573,training_point
09:42:57.515,2,-2.999801,1.502615,-2.211556,training_point
09:42:57.599,1,-1.483858,1.41637,-2.202028,training_point
09:42:57.600,2,-3.001219,1.503223,-2.211062,training_point
09:42:57.682,1,-1.484084,1.416969,-2.201078,training_point
09:42:57.682,2,-3.00266,1.502372,-2.210531,training_point
09:42:57.815,1,-1.482118,1.416561,-2.200755,training_point
09:42:57.815,2,-3.003553,1.50287,-2.21013,training_point
09:42:57.898,1,-1.482348,1.415881,-2.200512,training_point
09:42:57.899,2,-3.003117,1.502602,-2.210298,training_point
09:42:57.982,1,-1.482356,1.416369,-2.200253,training_point
09:42:57.982,2,-3.003804,1.502995,-2.210256,training_point
09:42:58.065,1,-1.480636,1.416077,-2.201302,training_point
09:42:58.065,2,-3.003361,1.503163,-2.210588,training_point
09:42:58.217,1,-1.478077,1.416387,-2.202317,training_point
09:42:58.217,2,-3.004522,1.503194,-2.210384,training_point
09:42:58.298,1,-1.476132,1.416546,-2.203629,training_point
09:42:58.298,2,-3.00126,1.503513,-2.211357,training_point
09:42:58.382,1,-1.475428,1.416639,-2.204158,training_point
09:42:58.382,2,-3.002502,1.502643,-2.211356,training_point
09:42:58.465,1,-1.475611,1.416971,-2.204153,training_point
09:42:58.465,2,-3.002533,1.502625,-2.211393,training_point
09:42:58.598,1,-1.473283,1.417447,-2.205689,training_point
09:42:58.598,2,-3.00324,1.502235,-2.211076,training_point
09:42:58.683,1,-1.473784,1.417291,-2.205553,training_point
09:42:58.684,2,-3.003038,1.502173,-2.211322,training_point
09:42:58.784,1,-1.472215,1.417425,-2.206082,training_point
09:42:58.784,2,-3.003482,1.501772,-2.211287,training_point
09:42:58.865,1,-1.47135,1.417704,-2.206483,training_point
09:42:58.865,2,-3.002339,1.50181,-2.211605,training_point
09:42:58.998,1,-1.470901,1.417787,-2.207246,training_point
09:42:58.998,2,-3.002194,1.501348,-2.21191,training_point
09:42:59.132,1,-1.470609,1.417819,-2.207096,training_point
09:42:59.132,2,-3.003022,1.501102,-2.211745,training_point
09:42:59.217,1,-1.472485,1.417886,-2.205961,training_point
09:42:59.217,2,-3.00201,1.500919,-2.212084,training_point
09:42:59.298,1,-1.472851,1.417352,-2.205032,training_point
09:42:59.298,2,-3.001513,1.501071,-2.212035,training_point
09:42:59.432,1,-1.47421,1.417427,-2.202999,training_point
09:42:59.432,2,-3.002613,1.50155,-2.211914,training_point
09:42:59.515,1,-1.474201,1.417655,-2.203183,training_point
09:42:59.515,2,-3.00315,1.501707,-2.211733,training_point
09:42:59.598,1,-1.474678,1.41789,-2.202407,training_point
09:42:59.598,2,-3.003806,1.501584,-2.211537,training_point
09:42:59.732,1,-1.475716,1.417884,-2.200988,training_point
09:42:59.732,2,-3.003774,1.501755,-2.211873,training_point
09:42:59.865,1,-1.477292,1.418017,-2.199625,training_point
09:42:59.865,2,-3.002308,1.501675,-2.21239,training_point
09:42:59.998,1,-1.478275,1.418037,-2.197891,training_point
09:42:59.998,2,-3.002071,1.500925,-2.21264,training_point
09:43:00.082,1,-1.477261,1.417727,-2.197711,training_point
09:43:00.082,2,-3.003089,1.5008,-2.21248,training_point
09:43:00.165,1,-1.477282,1.417978,-2.197426,training_point
09:43:00.165,2,-3.003247,1.500174,-2.212563,training_point
09:43:00.248,1,-1.477578,1.417554,-2.196493,training_point
09:43:00.249,2,-3.00359,1.500618,-2.212379,training_point
09:43:00.332,1,-1.47653,1.417583,-2.195307,training_point
09:43:00.332,2,-3.00291,1.500744,-2.212378,training_point
09:43:00.465,1,-1.47431,1.417639,-2.193751,training_point
09:43:00.465,2,-3.001677,1.499113,-2.213049,training_point
09:43:00.548,1,-1.47362,1.417654,-2.193121,training_point
09:43:00.549,2,-3.001606,1.499421,-2.213348,training_point
09:43:00.632,1,-1.474984,1.417625,-2.192647,training_point
09:43:00.632,2,-3.000965,1.499746,-2.213471,training_point
09:43:00.715,1,-1.474724,1.417715,-2.19252,training_point
09:43:00.715,2,-2.999322,1.499136,-2.213373,training_point
09:43:00.816,1,-1.475309,1.417755,-2.19237,training_point
09:43:00.816,2,-2.999481,1.498565,-2.213657,training_point
09:43:00.898,1,-1.473854,1.417663,-2.191598,training_point
09:43:00.898,2,-2.997435,1.499023,-2.213862,training_point
09:43:01.032,1,-1.47362,1.417554,-2.191365,training_point
09:43:01.032,2,-2.996029,1.49926,-2.214954,training_point
09:43:01.116,1,-1.474267,1.417458,-2.191328,training_point
09:43:01.116,2,-2.994532,1.499416,-2.215473,training_point
09:43:01.198,1,-1.474731,1.417323,-2.190993,training_point
09:43:01.198,2,-2.992995,1.500451,-2.216038,training_point
09:43:01.282,1,-1.475379,1.41761,-2.190986,training_point
09:43:01.282,2,-2.992843,1.499591,-2.216104,training_point
09:43:01.365,1,-1.476302,1.417734,-2.191091,training_point
09:43:01.365,2,-2.991112,1.499288,-2.216928,training_point
09:43:01.448,1,-1.477205,1.417819,-2.190986,training_point
09:43:01.449,2,-2.990462,1.499623,-2.216983,training_point
09:43:01.532,1,-1.477471,1.417836,-2.191022,training_point
09:43:01.532,2,-2.990269,1.499577,-2.217448,training_point
09:43:01.615,1,-1.478158,1.418121,-2.190924,training_point
09:43:01.615,2,-2.990139,1.499557,-2.217585,training_point
09:43:01.698,1,-1.478681,1.418038,-2.190703,training_point
09:43:01.698,2,-2.989187,1.499676,-2.217858,training_point
09:43:01.782,1,-1.478587,1.4183,-2.190543,training_point
09:43:01.782,2,-2.989482,1.499631,-2.218148,training_point
09:43:01.865,1,-1.479118,1.41862,-2.190512,training_point
09:43:01.865,2,-2.989435,1.499603,-2.218186,training_point
09:43:01.998,1,-1.479829,1.41863,-2.190529,training_point
09:43:01.998,2,-2.989474,1.499047,-2.218286,training_point
09:43:02.132,1,-1.480198,1.418364,-2.190256,training_point
09:43:02.132,2,-2.989052,1.499383,-2.218447,training_point
09:43:02.282,1,-1.479784,1.417404,-2.190306,training_point
09:43:02.282,2,-2.990233,1.499572,-2.218699,training_point
09:43:02.365,1,-1.479695,1.417348,-2.190375,training_point
09:43:02.365,2,-2.990099,1.499619,-2.218693,training_point
09:43:02.448,1,-1.478296,1.417698,-2.19061,training_point
09:43:02.449,2,-2.994143,1.499333,-2.216959,training_point
09:43:02.533,1,-1.477796,1.417944,-2.190748,training_point
09:43:02.533,2,-2.993713,1.499323,-2.217182,training_point
09:43:02.615,1,-1.47803,1.417726,-2.190797,training_point
09:43:02.615,2,-2.99324,1.499222,-2.217346,training_point
09:43:02.748,1,-1.476814,1.417154,-2.190752,training_point
09:43:02.749,2,-2.993442,1.499427,-2.21739,training_point
09:43:02.882,1,-1.476296,1.416753,-2.190208,training_point
09:43:02.882,2,-2.997097,1.499343,-2.215748,training_point
09:43:02.965,1,-1.476269,1.416902,-2.190137,training_point
09:43:02.965,2,-2.995107,1.499986,-2.21578,training_point
09:43:03.048,1,-1.476009,1.416982,-2.190007,training_point
09:43:03.049,2,-2.994613,1.500057,-2.216015,training_point
09:43:03.132,1,-1.476417,1.416871,-2.190278,training_point
09:43:03.132,2,-2.996451,1.499921,-2.2149,training_point
09:43:03.215,1,-1.476603,1.416893,-2.190134,training_point
09:43:03.215,2,-2.996356,1.499415,-2.214661,training_point
09:43:03.298,1,-1.476426,1.417062,-2.190294,training_point
09:43:03.299,2,-2.998074,1.499754,-2.214288,training_point
09:43:03.382,1,-1.476534,1.416963,-2.190697,training_point
09:43:03.382,2,-2.998697,1.499812,-2.21469,training_point
09:43:03.466,1,-1.476726,1.416818,-2.190764,training_point
09:43:03.466,2,-2.997835,1.499701,-2.214633,training_point
09:43:03.548,1,-1.477162,1.416852,-2.19093,training_point
09:43:03.549,2,-2.998134,1.49951,-2.214552,training_point
09:43:03.633,1,-1.477146,1.41684,-2.19087,training_point
09:43:03.633,2,-2.999464,1.499484,-2.21398,training_point
09:43:03.715,1,-1.476988,1.41684,-2.190711,training_point
09:43:03.715,2,-2.998927,1.498918,-2.214409,training_point
09:43:03.798,1,-1.476942,1.41686,-2.190604,training_point
09:43:03.800,2,-2.997848,1.499581,-2.215519,training_point
09:43:03.882,1,-1.476731,1.416993,-2.19055,training_point
09:43:03.882,2,-2.998332,1.499725,-2.215847,training_point
09:43:04.032,1,-1.475737,1.416526,-2.191049,training_point
09:43:04.032,2,-2.997234,1.499507,-2.216187,training_point
09:43:04.115,1,-1.47524,1.416748,-2.191555,training_point
09:43:04.115,2,-2.995558,1.499153,-2.216688,training_point
09:43:04.248,1,-1.474873,1.416834,-2.191716,training_point
09:43:04.249,2,-2.994465,1.499118,-2.21776,training_point
09:43:04.398,1,-1.474407,1.416746,-2.192539,training_point
09:43:04.400,2,-2.993699,1.49899,-2.21879,training_point
09:43:04.482,1,-1.474246,1.416853,-2.193208,training_point
09:43:04.482,2,-2.994095,1.499349,-2.219475,training_point
09:43:04.615,1,-1.47266,1.417115,-2.193807,training_point
09:43:04.615,2,-2.993526,1.499343,-2.22054,training_point
09:43:04.699,1,-1.474026,1.417691,-2.193621,training_point
09:43:04.699,2,-2.993281,1.49906,-2.220768,training_point
09:43:04.782,1,-1.475043,1.417998,-2.193344,training_point
09:43:04.782,2,-2.99273,1.499433,-2.220653,training_point
09:43:04.915,1,-1.474975,1.417955,-2.192914,training_point
09:43:04.915,2,-2.99582,1.498765,-2.219481,training_point
09:43:04.998,1,-1.473769,1.418013,-2.192843,training_point
09:43:04.999,2,-2.997809,1.49855,-2.218867,training_point
09:43:05.132,1,-1.473655,1.41851,-2.19183,training_point
09:43:05.132,2,-2.995847,1.498685,-2.219006,training_point
09:43:05.282,1,-1.472378,1.41869,-2.191748,training_point
09:43:05.282,2,-2.99812,1.49826,-2.218956,training_point
09:43:05.365,1,-1.472126,1.418097,-2.191277,training_point
09:43:05.365,2,-2.998808,1.498118,-2.219044,training_point
09:43:05.515,1,-1.472333,1.41826,-2.190797,training_point
09:43:05.515,2,-2.996019,1.498001,-2.220741,training_point
09:43:05.598,1,-1.4713,1.418,-2.191014,training_point
09:43:05.599,2,-2.995302,1.498245,-2.222221,training_point
09:43:05.682,1,-1.471969,1.418074,-2.190675,training_point
09:43:05.682,2,-2.995181,1.498517,-2.222421,training_point
09:43:05.765,1,-1.472306,1.41766,-2.190471,training_point
09:43:05.765,2,-2.994497,1.498814,-2.222588,training_point
09:43:05.898,1,-1.473101,1.417686,-2.189979,training_point
09:43:05.899,2,-2.994154,1.497957,-2.222953,training_point
09:43:06.032,1,-1.472325,1.41726,-2.190285,training_point
09:43:06.032,2,-2.99414,1.497542,-2.223256,training_point
09:43:06.117,1,-1.470626,1.417104,-2.190315,training_point
09:43:06.117,2,-2.994588,1.498057,-2.22376,training_point
09:43:06.198,1,-1.470253,1.417443,-2.190479,training_point
09:43:06.198,2,-2.994335,1.499026,-2.22396,training_point
09:43:06.332,1,-1.471347,1.417339,-2.190724,training_point
09:43:06.332,2,-2.99451,1.498641,-2.224562,training_point
09:43:06.482,1,-1.471026,1.417495,-2.190907,training_point
09:43:06.482,2,-2.99482,1.49805,-2.224454,training_point
09:43:06.565,1,-1.471385,1.417436,-2.190899,training_point
09:43:06.565,2,-2.994737,1.496493,-2.224373,training_point
09:43:06.648,1,-1.470922,1.416573,-2.191537,training_point
09:43:06.649,2,-2.994814,1.497773,-2.224161,training_point
09:43:06.732,1,-1.471022,1.416891,-2.191447,training_point
09:43:06.733,2,-2.99484,1.498076,-2.22396,training_point
09:43:06.815,1,-1.47167,1.417415,-2.191637,training_point
09:43:06.815,2,-2.994527,1.49764,-2.223744,training_point
09:43:06.900,1,-1.470737,1.417294,-2.192856,training_point
09:43:06.900,2,-2.99623,1.498103,-2.222397,training_point
09:43:06.982,1,-1.4718,1.41733,-2.19275,training_point
09:43:06.982,2,-2.994117,1.498426,-2.222938,training_point
09:43:07.065,1,-1.472206,1.417658,-2.192762,training_point
09:43:07.066,2,-2.993707,1.499009,-2.223212,training_point
09:43:07.148,1,-1.473142,1.417462,-2.192678,training_point
09:43:07.149,2,-2.99265,1.498791,-2.223249,training_point
09:43:07.232,1,-1.472603,1.417384,-2.19349,training_point
09:43:07.232,2,-2.99126,1.498051,-2.223479,training_point
09:43:07.365,1,-1.472524,1.417488,-2.194133,training_point
09:43:07.365,2,-2.990975,1.497259,-2.224713,training_point
09:43:07.515,1,-1.472578,1.417802,-2.194683,training_point
09:43:07.515,2,-2.988531,1.497621,-2.225434,training_point
09:43:07.598,1,-1.473282,1.41794,-2.195012,training_point
09:43:07.599,2,-2.9885,1.497088,-2.225516,training_point
09:43:07.732,1,-1.473613,1.417986,-2.19552,training_point
09:43:07.732,2,-2.986814,1.497446,-2.225369,training_point
09:43:07.865,1,-1.472677,1.418091,-2.19617,training_point
09:43:07.865,2,-2.986682,1.497417,-2.225221,training_point
09:43:07.998,1,-1.47404,1.418145,-2.196058,training_point
09:43:07.999,2,-2.985245,1.497117,-2.224174,training_point
09:43:08.132,1,-1.473745,1.418232,-2.196987,training_point
09:43:08.132,2,-2.985389,1.496676,-2.223971,training_point
09:43:08.215,1,-1.473384,1.418204,-2.197424,training_point
09:43:08.215,2,-2.985832,1.497994,-2.223729,training_point
09:43:08.298,1,-1.473418,1.417528,-2.197718,training_point
09:43:08.299,2,-2.986191,1.498048,-2.223045,training_point
09:43:08.432,1,-1.47358,1.416552,-2.198193,training_point
09:43:08.432,2,-2.987,1.498022,-2.222189,training_point
09:43:08.515,1,-1.473902,1.416559,-2.198335,training_point
09:43:08.515,2,-2.987383,1.498293,-2.222018,training_point
09:43:08.598,1,-1.474724,1.416071,-2.197652,training_point
09:43:08.599,2,-2.9873,1.498281,-2.22179,training_point
09:43:08.682,1,-1.47534,1.415253,-2.197111,training_point
09:43:08.682,2,-2.98756,1.498572,-2.22121,training_point
09:43:08.766,1,-1.475255,1.414792,-2.197146,training_point
09:43:08.767,2,-2.987245,1.498432,-2.221012,training_point
09:43:08.848,1,-1.475449,1.415273,-2.197608,training_point
09:43:08.849,2,-2.987514,1.498962,-2.220479,training_point
09:43:08.933,1,-1.475533,1.414321,-2.197777,training_point
09:43:08.933,2,-2.987329,1.498988,-2.220421,training_point
09:43:09.033,1,-1.47617,1.41423,-2.197386,training_point
09:43:09.033,2,-2.987131,1.498856,-2.220221,training_point
09:43:09.115,1,-1.473982,1.413933,-2.198465,training_point
09:43:09.115,2,-2.987046,1.498646,-2.21989,training_point
09:43:09.199,1,-1.473855,1.4134,-2.198298,training_point
09:43:09.200,2,-2.987127,1.498522,-2.219834,training_point
09:43:09.300,1,-1.473639,1.412638,-2.198602,training_point
09:43:09.300,2,-2.986828,1.498118,-2.219633,training_point
09:43:09.382,1,-1.473282,1.411152,-2.198869,training_point
09:43:09.382,2,-2.986933,1.498076,-2.219424,training_point
09:43:09.466,1,-1.47372,1.411067,-2.198465,training_point
09:43:09.466,2,-2.986901,1.49836,-2.219153,training_point
09:43:09.548,1,-1.473529,1.411414,-2.198582,training_point
09:43:09.549,2,-2.986941,1.49858,-2.219105,training_point
09:43:09.632,1,-1.473355,1.411382,-2.199376,training_point
09:43:09.632,2,-2.987077,1.498389,-2.219072,training_point
09:43:09.765,1,-1.473094,1.411384,-2.199553,training_point
09:43:09.765,2,-2.986287,1.49881,-2.218422,training_point
09:43:09.898,1,-1.472335,1.411313,-2.199386,training_point
09:43:09.899,2,-2.986483,1.498516,-2.218449,training_point
09:43:09.982,1,-1.472139,1.411095,-2.199293,training_point
09:43:09.982,2,-2.98687,1.498599,-2.218485,training_point
09:43:10.065,1,-1.471047,1.410871,-2.199458,training_point
09:43:10.065,2,-2.987292,1.498608,-2.218535,training_point
09:43:10.148,1,-1.471464,1.410733,-2.198676,training_point
09:43:10.149,2,-2.987169,1.498497,-2.21849,training_point
09:43:10.298,1,-1.46977,1.410633,-2.198438,training_point
09:43:10.299,2,-2.987315,1.499341,-2.218715,training_point
09:43:10.432,1,-1.470599,1.410588,-2.197115,training_point
09:43:10.432,2,-2.987224,1.499947,-2.219075,training_point
09:43:10.516,1,-1.470753,1.410314,-2.196636,training_point
09:43:10.516,2,-2.987516,1.499951,-2.219217,training_point
09:43:10.598,1,-1.471518,1.410384,-2.196118,training_point
09:43:10.599,2,-2.987322,1.499777,-2.219735,training_point
09:43:10.732,1,-1.472146,1.410368,-2.195284,training_point
09:43:10.732,2,-2.986872,1.499479,-2.219531,training_point
09:43:10.865,1,-1.471513,1.410369,-2.195263,training_point
09:43:10.865,2,-2.987284,1.49979,-2.219793,training_point
09:43:10.998,1,-1.469705,1.410382,-2.193944,training_point
09:43:10.999,2,-2.987522,1.499177,-2.220053,training_point
09:43:11.083,1,-1.469836,1.41019,-2.192973,training_point
09:43:11.083,2,-2.987758,1.499394,-2.219952,training_point
09:43:11.165,1,-1.468693,1.410172,-2.192966,training_point
09:43:11.165,2,-2.987969,1.499136,-2.220031,training_point
09:43:11.316,1,-1.467629,1.410174,-2.191815,training_point
09:43:11.317,2,-2.987149,1.499016,-2.219825,training_point
09:43:11.399,1,-1.467708,1.410257,-2.191254,training_point
09:43:11.399,2,-2.985857,1.499284,-2.219823,training_point
09:43:11.482,1,-1.467964,1.410202,-2.190833,training_point
09:43:11.482,2,-2.986118,1.499089,-2.21982,training_point
09:43:11.565,1,-1.46795,1.410216,-2.190248,training_point
09:43:11.565,2,-2.986468,1.49855,-2.21995,training_point
09:43:11.648,1,-1.466469,1.410204,-2.189692,training_point
09:43:11.649,2,-2.986186,1.499054,-2.219777,training_point
09:43:11.799,1,-1.466799,1.410141,-2.189704,training_point
09:43:11.800,2,-2.98663,1.499234,-2.219907,training_point
09:43:11.882,1,-1.466061,1.410084,-2.189481,training_point
09:43:11.882,2,-2.987011,1.499314,-2.219904,training_point
09:43:12.015,1,-1.463508,1.410176,-2.189309,training_point
09:43:12.015,2,-2.986939,1.499271,-2.21987,training_point
09:43:12.148,1,-1.465322,1.410289,-2.188662,training_point
09:43:12.149,2,-2.986798,1.499436,-2.219454,training_point
09:43:12.299,1,-1.465116,1.410285,-2.189305,training_point
09:43:12.299,2,-2.98654,1.498981,-2.220055,training_point
09:43:12.382,1,-1.464638,1.410371,-2.191267,training_point
09:43:12.382,2,-2.984878,1.49895,-2.220451,training_point
09:43:12.532,1,-1.466486,1.410261,-2.191072,training_point
09:43:12.532,2,-2.98489,1.499003,-2.220595,training_point
09:43:12.616,1,-1.465838,1.410316,-2.19244,training_point
09:43:12.616,2,-2.984041,1.499254,-2.220394,training_point
09:43:12.698,1,-1.467587,1.410242,-2.192316,training_point
09:43:12.699,2,-2.983727,1.499316,-2.220527,training_point
09:43:12.783,1,-1.466654,1.410434,-2.19313,training_point
09:43:12.784,2,-2.984071,1.49905,-2.220514,training_point
09:43:12.865,1,-1.465656,1.410424,-2.194003,training_point
09:43:12.865,2,-2.984072,1.498781,-2.220543,training_point
09:43:12.999,1,-1.467361,1.410513,-2.194481,training_point
09:43:12.999,2,-2.982844,1.498809,-2.220087,training_point
09:43:13.083,1,-1.466575,1.410459,-2.196131,training_point
09:43:13.083,2,-2.983413,1.498329,-2.220211,training_point
09:43:13.182,1,-1.467177,1.410509,-2.196535,training_point
09:43:13.183,2,-2.98382,1.49802,-2.220139,training_point
09:43:13.265,1,-1.466868,1.410417,-2.197918,training_point
09:43:13.265,2,-2.983683,1.498324,-2.220091,training_point
09:43:13.350,1,-1.46659,1.410325,-2.198801,training_point
09:43:13.350,2,-2.982938,1.49871,-2.220134,training_point
09:43:13.432,1,-1.467441,1.410386,-2.199069,training_point
09:43:13.432,2,-2.982857,1.499077,-2.219843,training_point
09:43:13.515,1,-1.466517,1.410403,-2.200267,training_point
09:43:13.515,2,-2.982196,1.498578,-2.219703,training_point
09:43:13.599,1,-1.466155,1.410289,-2.20115,training_point
09:43:13.599,2,-2.982689,1.498697,-2.219721,training_point
09:43:13.682,1,-1.465274,1.410421,-2.201969,training_point
09:43:13.682,2,-2.982921,1.498629,-2.219293,training_point
09:43:13.782,1,-1.465593,1.410484,-2.202028,training_point
09:43:13.782,2,-2.983151,1.497334,-2.219189,training_point
09:43:13.865,1,-1.465362,1.410522,-2.20243,training_point
09:43:13.865,2,-2.982747,1.498177,-2.218749,training_point
09:43:13.949,1,-1.465585,1.410319,-2.201561,training_point
09:43:13.949,2,-2.982915,1.497918,-2.218406,training_point
09:43:14.032,1,-1.464514,1.410144,-2.201995,training_point
09:43:14.032,2,-2.982733,1.496005,-2.218326,training_point
09:43:14.117,1,-1.463114,1.409808,-2.201385,training_point
09:43:14.117,2,-2.983267,1.497583,-2.218144,training_point
09:43:14.199,1,-1.462435,1.409759,-2.201155,training_point
09:43:14.199,2,-2.982879,1.495558,-2.21757,training_point
09:43:14.332,1,-1.465573,1.409673,-2.198914,training_point
09:43:14.332,2,-2.982519,1.497167,-2.216835,training_point
09:43:14.416,1,-1.466549,1.409457,-2.197588,training_point
09:43:14.417,2,-2.982519,1.497409,-2.216685,training_point
09:43:14.498,1,-1.467351,1.409455,-2.196507,training_point
09:43:14.499,2,-2.983081,1.497266,-2.216875,training_point
09:43:14.649,1,-1.468839,1.409275,-2.194627,training_point
09:43:14.649,2,-2.98294,1.498019,-2.216288,training_point
09:43:14.732,1,-1.46939,1.40939,-2.193721,training_point
09:43:14.732,2,-2.983471,1.49795,-2.216573,training_point
09:43:14.815,1,-1.469526,1.409355,-2.193264,training_point
09:43:14.815,2,-2.982707,1.497952,-2.216137,training_point
09:43:14.899,1,-1.466179,1.409329,-2.19142,training_point
09:43:14.899,2,-2.983143,1.498302,-2.216412,training_point
09:43:14.982,1,-1.467826,1.409421,-2.190793,training_point
09:43:14.982,2,-2.983413,1.498429,-2.216565,training_point
09:43:15.066,1,-1.468515,1.409444,-2.190265,training_point
09:43:15.067,2,-2.983505,1.498502,-2.216507,training_point
09:43:15.149,1,-1.46893,1.409434,-2.189197,training_point
09:43:15.149,2,-2.983919,1.497957,-2.216842,training_point
09:43:15.300,1,-1.470686,1.409432,-2.188753,training_point
09:43:15.300,2,-2.984457,1.497984,-2.21736,training_point
09:43:15.382,1,-1.471446,1.409409,-2.187818,training_point
09:43:15.382,2,-2.983315,1.498022,-2.216935,training_point
09:43:15.465,1,-1.471748,1.409416,-2.187123,training_point
09:43:15.465,2,-2.982138,1.498242,-2.216728,training_point
09:43:15.548,1,-1.471514,1.409455,-2.18682,training_point
09:43:15.549,2,-2.981415,1.497986,-2.216971,training_point
09:43:15.632,1,-1.472321,1.409389,-2.18648,training_point
09:43:15.632,2,-2.981813,1.497624,-2.217595,training_point
09:43:15.782,1,-1.472598,1.409389,-2.185831,training_point
09:43:15.782,2,-2.982659,1.496412,-2.218052,training_point
09:43:15.865,1,-1.472073,1.409533,-2.18566,training_point
09:43:15.865,2,-2.982145,1.495866,-2.218458,training_point
09:43:15.999,1,-1.472206,1.409558,-2.184596,training_point
09:43:15.999,2,-2.981798,1.495594,-2.219183,training_point
09:43:16.132,1,-1.471299,1.409313,-2.184821,training_point
09:43:16.132,2,-2.981494,1.496084,-2.219666,training_point
09:43:16.216,1,-1.471341,1.409324,-2.184827,training_point
09:43:16.216,2,-2.981423,1.496087,-2.219849,training_point
09:43:16.316,1,-1.470649,1.409508,-2.185162,training_point
09:43:16.317,2,-2.98061,1.496494,-2.219636,training_point
09:43:16.416,1,-1.471128,1.409539,-2.184913,training_point
09:43:16.417,2,-2.980235,1.497441,-2.219619,training_point
09:43:16.516,1,-1.470479,1.409368,-2.185617,training_point
09:43:16.517,2,-2.981175,1.497468,-2.219797,training_point
09:43:16.616,1,-1.470533,1.409533,-2.186332,training_point
09:43:16.616,2,-2.980876,1.497231,-2.219862,training_point
09:43:16.698,1,-1.47253,1.409522,-2.185557,training_point
09:43:16.699,2,-2.982069,1.496894,-2.219738,training_point
09:43:16.832,1,-1.472055,1.409722,-2.185921,training_point
09:43:16.832,2,-2.983061,1.497556,-2.219664,training_point
09:43:16.917,1,-1.472874,1.409679,-2.185468,training_point
09:43:16.917,2,-2.983422,1.497816,-2.219717,training_point
09:43:16.999,1,-1.473487,1.409654,-2.184869,training_point
09:43:16.999,2,-2.982225,1.497685,-2.218771,training_point
09:43:17.132,1,-1.475607,1.409883,-2.183935,training_point
09:43:17.132,2,-2.982674,1.497939,-2.218524,training_point
09:43:17.283,1,-1.480636,1.409736,-2.181902,training_point
09:43:17.284,2,-2.982737,1.498432,-2.21848,training_point
09:43:17.383,1,-1.486579,1.409539,-2.179365,training_point
09:43:17.383,2,-2.983723,1.498458,-2.218845,training_point
09:43:17.482,1,-1.491768,1.409595,-2.178231,training_point
09:43:17.482,2,-2.984043,1.498328,-2.218881,training_point
09:43:17.565,1,-1.500409,1.409675,-2.174417,training_point
09:43:17.565,2,-2.98367,1.498351,-2.218347,training_point
09:43:17.649,1,-1.505992,1.409597,-2.172159,training_point
09:43:17.649,2,-2.983178,1.498114,-2.218147,training_point
09:43:17.749,1,-1.514082,1.409287,-2.169866,training_point
09:43:17.749,2,-2.98294,1.498063,-2.218413,training_point
09:43:17.833,1,-1.522234,1.40912,-2.167257,training_point
09:43:17.833,2,-2.982986,1.497593,-2.218494,training_point
09:43:17.915,1,-1.533044,1.409473,-2.163693,training_point
09:43:17.915,2,-2.981844,1.497567,-2.218147,training_point
09:43:17.999,1,-1.539863,1.409498,-2.161395,training_point
09:43:17.999,2,-2.982316,1.496908,-2.218446,training_point
09:43:18.082,1,-1.547983,1.409518,-2.158977,training_point
09:43:18.082,2,-2.983274,1.496991,-2.218953,training_point
09:43:18.215,1,-1.56201,1.409916,-2.156823,training_point
09:43:18.215,2,-2.98215,1.496778,-2.219142,training_point
09:43:18.299,1,-1.572058,1.409727,-2.15445,training_point
09:43:18.299,2,-2.981834,1.496279,-2.219455,training_point
09:43:18.382,1,-1.578022,1.409773,-2.153126,training_point
09:43:18.382,2,-2.983179,1.494414,-2.219992,training_point
09:43:18.465,1,-1.584049,1.40995,-2.153056,training_point
09:43:18.465,2,-2.982879,1.496143,-2.220538,training_point
09:43:18.549,1,-1.587923,1.409623,-2.153594,training_point
09:43:18.549,2,-2.982625,1.496214,-2.220777,training_point
09:43:18.632,1,-1.593642,1.409329,-2.154651,training_point
09:43:18.632,2,-2.983418,1.496573,-2.221479,training_point
09:43:18.716,1,-1.597433,1.409355,-2.154778,training_point
09:43:18.716,2,-2.983186,1.497188,-2.221791,training_point
09:43:18.816,1,-1.600398,1.409194,-2.155008,training_point
09:43:18.816,2,-2.982732,1.498433,-2.222012,training_point
09:43:18.916,1,-1.603587,1.409192,-2.155771,training_point
09:43:18.917,2,-2.982532,1.499136,-2.222603,training_point
09:43:19.015,1,-1.605155,1.408937,-2.15649,training_point
09:43:19.015,2,-2.981591,1.499625,-2.223221,training_point
09:43:19.099,1,-1.606302,1.409014,-2.157464,training_point
09:43:19.099,2,-2.981438,1.501218,-2.223416,training_point
09:43:19.182,1,-1.606362,1.408923,-2.158304,training_point
09:43:19.182,2,-2.981953,1.502323,-2.223776,training_point
09:43:19.333,1,-1.607857,1.408358,-2.159184,training_point
09:43:19.333,2,-2.98191,1.502416,-2.224078,training_point
09:43:19.433,1,-1.608473,1.408689,-2.160026,training_point
09:43:19.433,2,-2.981583,1.502383,-2.224563,training_point
09:43:19.532,1,-1.609032,1.408633,-2.161084,training_point
09:43:19.533,2,-2.981143,1.501208,-2.224859,training_point
09:43:19.615,1,-1.607742,1.40877,-2.161443,training_point
09:43:19.615,2,-2.980909,1.501503,-2.225334,training_point
09:43:19.701,1,-1.607869,1.408806,-2.162399,training_point
09:43:19.701,2,-2.981037,1.502914,-2.225373,training_point
09:43:19.782,1,-1.606601,1.408703,-2.162706,training_point
09:43:19.782,2,-2.981572,1.502559,-2.225358,training_point
09:43:19.867,1,-1.606923,1.408845,-2.1634,training_point
09:43:19.868,2,-2.981325,1.502341,-2.225297,training_point
09:43:19.967,1,-1.606218,1.409117,-2.163573,training_point
09:43:19.968,2,-2.981048,1.503041,-2.225132,training_point
09:43:20.049,1,-1.606106,1.408845,-2.163562,training_point
09:43:20.049,2,-2.980808,1.503753,-2.225071,training_point
09:43:20.133,1,-1.605839,1.408863,-2.164514,training_point
09:43:20.133,2,-2.980515,1.502991,-2.225559,training_point
09:43:20.215,1,-1.605525,1.408775,-2.164561,training_point
09:43:20.215,2,-2.981019,1.501842,-2.225417,training_point
09:43:20.299,1,-1.605282,1.408852,-2.164687,training_point
09:43:20.299,2,-2.981919,1.502143,-2.22545,training_point
09:43:20.382,1,-1.603054,1.408838,-2.16413,training_point
09:43:20.382,2,-2.982623,1.501818,-2.225622,training_point
09:43:20.533,1,-1.601574,1.409114,-2.163569,training_point
09:43:20.533,2,-2.982364,1.501385,-2.225916,training_point
09:43:20.615,1,-1.601597,1.408844,-2.164347,training_point
09:43:20.615,2,-2.983077,1.502157,-2.225818,training_point
09:43:20.699,1,-1.601502,1.408913,-2.164933,training_point
09:43:20.699,2,-2.983233,1.502751,-2.225761,training_point
09:43:20.782,1,-1.600383,1.408751,-2.164796,training_point
09:43:20.782,2,-2.983421,1.50273,-2.225728,training_point
09:43:20.933,1,-1.600426,1.40873,-2.165616,training_point
09:43:20.934,2,-2.98177,1.503255,-2.225356,training_point
09:43:21.032,1,-1.600235,1.408737,-2.167063,training_point
09:43:21.032,2,-2.982478,1.502953,-2.225208,training_point
09:43:21.115,1,-1.599462,1.408873,-2.166528,training_point
09:43:21.115,2,-2.982393,1.502423,-2.225095,training_point
09:43:21.200,1,-1.599005,1.408699,-2.166875,training_point
09:43:21.201,2,-2.983027,1.503174,-2.224889,training_point
09:43:21.282,1,-1.597726,1.408409,-2.167147,training_point
09:43:21.282,2,-2.983911,1.503642,-2.224401,training_point
09:43:21.433,1,-1.597183,1.408841,-2.1687,training_point
09:43:21.433,2,-2.983911,1.504256,-2.223752,training_point
09:43:21.533,1,-1.595963,1.408924,-2.170439,training_point
09:43:21.533,2,-2.984661,1.504172,-2.223272,training_point
09:43:21.615,1,-1.595726,1.409079,-2.170819,training_point
09:43:21.615,2,-2.984652,1.503946,-2.223126,training_point
09:43:21.749,1,-1.595177,1.409169,-2.172049,training_point
09:43:21.749,2,-2.984815,1.503875,-2.22309,training_point
09:43:21.882,1,-1.594103,1.409239,-2.171979,training_point
09:43:21.882,2,-2.984709,1.504085,-2.222563,training_point
09:43:22.015,1,-1.593934,1.409095,-2.173145,training_point
09:43:22.015,2,-2.984339,1.503694,-2.221631,training_point
09:43:22.099,1,-1.592935,1.409055,-2.173149,training_point
09:43:22.099,2,-2.984734,1.504125,-2.221306,training_point
09:43:22.182,1,-1.591814,1.409057,-2.173747,training_point
09:43:22.182,2,-2.984668,1.504382,-2.220968,training_point
09:43:22.266,1,-1.591108,1.409001,-2.174772,training_point
09:43:22.267,2,-2.984827,1.504859,-2.220495,training_point
09:43:22.366,1,-1.590719,1.409024,-2.176672,training_point
09:43:22.367,2,-2.984588,1.504768,-2.220277,training_point
09:43:22.449,1,-1.589069,1.409114,-2.176598,training_point
09:43:22.449,2,-2.984541,1.504568,-2.219765,training_point
09:43:22.532,1,-1.588503,1.409315,-2.175958,training_point
09:43:22.532,2,-2.984082,1.504751,-2.219584,training_point
09:43:22.615,1,-1.587173,1.409259,-2.175646,training_point
09:43:22.615,2,-2.984443,1.504931,-2.219347,training_point
09:43:22.700,1,-1.586526,1.409276,-2.176181,training_point
09:43:22.700,2,-2.984757,1.504585,-2.219302,training_point
09:43:22.782,1,-1.585644,1.409323,-2.176749,training_point
09:43:22.782,2,-2.984874,1.504292,-2.2194,training_point
09:43:22.915,1,-1.584344,1.409231,-2.175443,training_point
09:43:22.915,2,-2.984415,1.504191,-2.219276,training_point
09:43:22.999,1,-1.584103,1.409236,-2.174718,training_point
09:43:22.999,2,-2.984395,1.504417,-2.219271,training_point
09:43:23.082,1,-1.583021,1.409328,-2.175663,training_point
09:43:23.082,2,-2.984955,1.504623,-2.219425,training_point
09:43:23.215,1,-1.582643,1.409281,-2.175516,training_point
09:43:23.215,2,-2.984215,1.504244,-2.218844,training_point
09:43:23.316,1,-1.58165,1.409338,-2.176082,training_point
09:43:23.317,2,-2.983381,1.503526,-2.217544,training_point
09:43:23.399,1,-1.581065,1.409405,-2.175859,training_point
09:43:23.399,2,-2.983611,1.503536,-2.217793,training_point
09:43:23.482,1,-1.580437,1.409516,-2.17657,training_point
09:43:23.482,2,-2.983788,1.503411,-2.217878,training_point
09:43:23.566,1,-1.580371,1.409686,-2.175108,training_point
09:43:23.566,2,-2.984204,1.503595,-2.217859,training_point
09:43:23.649,1,-1.580935,1.40931,-2.175553,training_point
09:43:23.649,2,-2.984125,1.503164,-2.21769,training_point
09:43:23.799,1,-1.579978,1.408716,-2.177235,training_point
09:43:23.799,2,-2.983329,1.503533,-2.216695,training_point
09:43:23.883,1,-1.579578,1.408771,-2.177041,training_point
09:43:23.883,2,-2.98268,1.503542,-2.216148,training_point
09:43:23.965,1,-1.579767,1.408683,-2.175134,training_point
09:43:23.965,2,-2.983025,1.503244,-2.216192,training_point
09:43:24.099,1,-1.57882,1.408589,-2.176547,training_point
09:43:24.099,2,-2.982587,1.502605,-2.215765,training_point
09:43:24.249,1,-1.579092,1.408344,-2.174582,training_point
09:43:24.249,2,-2.983612,1.503274,-2.216254,training_point
09:43:24.350,1,-1.578359,1.408095,-2.176681,training_point
09:43:24.350,2,-2.983986,1.503302,-2.216563,training_point
09:43:24.432,1,-1.577523,1.408258,-2.177573,training_point
09:43:24.432,2,-2.983638,1.503534,-2.216304,training_point
09:43:24.582,1,-1.577292,1.408218,-2.177198,training_point
09:43:24.582,2,-2.983003,1.503942,-2.216453,training_point
09:43:24.715,1,-1.577295,1.40829,-2.176992,training_point
09:43:24.716,2,-2.982445,1.503988,-2.216765,training_point
09:43:24.816,1,-1.576762,1.408271,-2.177802,training_point
09:43:24.817,2,-2.981943,1.503898,-2.216781,training_point
09:43:24.915,1,-1.576435,1.408162,-2.178115,training_point
09:43:24.915,2,-2.981559,1.503989,-2.216794,training_point
09:43:24.999,1,-1.576485,1.408069,-2.178623,training_point
09:43:24.999,2,-2.981409,1.503907,-2.21693,training_point
09:43:25.084,1,-1.576437,1.408104,-2.178648,training_point
09:43:25.084,2,-2.98117,1.503515,-2.217379,training_point
09:43:25.165,1,-1.576153,1.408099,-2.178743,training_point
09:43:25.165,2,-2.98133,1.503464,-2.217739,training_point
09:43:25.299,1,-1.576699,1.407573,-2.177141,training_point
09:43:25.299,2,-2.981082,1.503357,-2.217742,training_point
09:43:25.432,1,-1.576492,1.407596,-2.177406,training_point
09:43:25.432,2,-2.980978,1.503586,-2.218151,training_point
09:43:25.565,1,-1.576369,1.407726,-2.177893,training_point
09:43:25.565,2,-2.981832,1.503623,-2.218586,training_point
09:43:25.716,1,-1.576433,1.407788,-2.178923,training_point
09:43:25.717,2,-2.981555,1.502952,-2.218875,training_point
09:43:25.799,1,-1.576324,1.407865,-2.179377,training_point
09:43:25.799,2,-2.981316,1.502971,-2.219105,training_point
09:43:25.932,1,-1.576332,1.407629,-2.179675,training_point
09:43:25.932,2,-2.978337,1.503329,-2.221481,training_point
09:43:26.017,1,-1.576007,1.407411,-2.180239,training_point
09:43:26.017,2,-2.977322,1.503434,-2.221605,training_point
09:43:26.099,1,-1.575827,1.407675,-2.180239,training_point
09:43:26.099,2,-2.975939,1.50291,-2.221822,training_point
09:43:26.182,1,-1.576193,1.407774,-2.178459,training_point
09:43:26.182,2,-2.975407,1.503099,-2.222639,training_point
09:43:26.265,1,-1.57558,1.408089,-2.177584,training_point
09:43:26.266,2,-2.974316,1.502966,-2.222622,training_point
09:43:26.349,1,-1.575513,1.40802,-2.178081,training_point
09:43:26.349,2,-2.972525,1.502909,-2.223856,training_point
09:43:26.482,1,-1.575129,1.408094,-2.178733,training_point
09:43:26.482,2,-2.970489,1.503026,-2.225103,training_point
09:43:26.583,1,-1.574875,1.408317,-2.179397,training_point
09:43:26.583,2,-2.971211,1.503177,-2.225153,training_point
09:43:26.684,1,-1.574683,1.408418,-2.179461,training_point
09:43:26.684,2,-2.970365,1.50388,-2.225506,training_point
09:43:26.765,1,-1.574683,1.408257,-2.179676,training_point
09:43:26.766,2,-2.969697,1.503461,-2.225857,training_point
09:43:26.850,1,-1.574709,1.408151,-2.179535,training_point
09:43:26.850,2,-2.969267,1.503268,-2.22588,training_point
09:43:26.932,1,-1.574185,1.408129,-2.178817,training_point
09:43:26.932,2,-2.968429,1.503299,-2.225556,training_point
09:43:27.015,1,-1.574147,1.408273,-2.178722,training_point
09:43:27.016,2,-2.96835,1.502869,-2.224963,training_point
09:43:27.099,1,-1.574017,1.408692,-2.178592,training_point
09:43:27.099,2,-2.968263,1.502837,-2.224178,training_point
09:43:27.182,1,-1.573733,1.408583,-2.178053,training_point
09:43:27.182,2,-2.96871,1.50314,-2.22307,training_point
09:43:27.315,1,-1.573252,1.408633,-2.177105,training_point
09:43:27.316,2,-2.972115,1.503112,-2.220599,training_point
09:43:27.449,1,-1.572579,1.408623,-2.176804,training_point
09:43:27.449,2,-2.971957,1.502409,-2.218232,training_point
09:43:27.532,1,-1.572229,1.408592,-2.176818,training_point
09:43:27.532,2,-2.971707,1.502775,-2.21722,training_point
09:43:27.615,1,-1.571281,1.408326,-2.176829,training_point
09:43:27.616,2,-2.970709,1.502795,-2.215865,training_point
09:43:27.700,1,-1.570515,1.408081,-2.176541,training_point
09:43:27.700,2,-2.970215,1.501988,-2.213973,training_point
09:43:27.782,1,-1.569837,1.407916,-2.175774,training_point
09:43:27.782,2,-2.969474,1.502142,-2.21027,training_point
09:43:27.868,1,-1.569146,1.407609,-2.175606,training_point
09:43:27.869,2,-2.968093,1.502568,-2.208767,training_point
09:43:27.965,1,-1.568092,1.407365,-2.175149,training_point
09:43:27.966,2,-2.966782,1.503345,-2.207727,training_point
09:43:28.049,1,-1.567448,1.407754,-2.174893,training_point
09:43:28.049,2,-2.966117,1.502951,-2.20678,training_point
09:43:28.133,1,-1.566311,1.407246,-2.174549,training_point
09:43:28.133,2,-2.965233,1.502449,-2.206286,training_point
09:43:28.215,1,-1.565384,1.406174,-2.174472,training_point
09:43:28.215,2,-2.964135,1.502211,-2.206062,training_point
09:43:28.349,1,-1.564061,1.406417,-2.173894,training_point
09:43:28.349,2,-2.96366,1.502608,-2.206189,training_point
09:43:28.499,1,-1.562857,1.405815,-2.171939,training_point
09:43:28.499,2,-2.962668,1.502623,-2.206802,training_point
09:43:28.582,1,-1.562054,1.405369,-2.171529,training_point
09:43:28.582,2,-2.961115,1.502769,-2.207741,training_point
09:43:28.665,1,-1.561308,1.405161,-2.170787,training_point
09:43:28.666,2,-2.962091,1.503076,-2.209271,training_point
09:43:28.749,1,-1.560293,1.404835,-2.169868,training_point
09:43:28.749,2,-2.962826,1.502513,-2.212348,training_point
09:43:28.882,1,-1.558358,1.404797,-2.168961,training_point
09:43:28.882,2,-2.964301,1.502838,-2.213724,training_point
09:43:28.966,1,-1.557487,1.404738,-2.168238,training_point
09:43:28.967,2,-2.963404,1.503026,-2.214237,training_point
09:43:29.049,1,-1.557638,1.404647,-2.165671,training_point
09:43:29.049,2,-2.963406,1.50356,-2.214287,training_point
09:43:29.133,1,-1.555914,1.405377,-2.165993,training_point
09:43:29.133,2,-2.965169,1.503104,-2.214723,training_point
09:43:29.215,1,-1.555125,1.404934,-2.16476,training_point
09:43:29.216,2,-2.964143,1.502752,-2.214609,training_point
09:43:29.300,1,-1.553689,1.404368,-2.164852,training_point
09:43:29.300,2,-2.962019,1.502408,-2.214686,training_point
09:43:29.382,1,-1.553305,1.404104,-2.163304,training_point
09:43:29.382,2,-2.960918,1.502448,-2.214617,training_point
09:43:29.533,1,-1.552657,1.403764,-2.16334,training_point
09:43:29.534,2,-2.961192,1.502609,-2.215474,training_point
09:43:29.634,1,-1.551689,1.402602,-2.163399,training_point
09:43:29.634,2,-2.959649,1.502831,-2.215436,training_point
09:43:29.715,1,-1.550958,1.402763,-2.163253,training_point
09:43:29.716,2,-2.958884,1.501762,-2.21553,training_point
09:43:29.799,1,-1.550013,1.402424,-2.16326,training_point
09:43:29.799,2,-2.959191,1.501872,-2.21548,training_point
09:43:29.882,1,-1.548381,1.402232,-2.163065,training_point
09:43:29.882,2,-2.959124,1.501784,-2.21549,training_point
09:43:29.965,1,-1.548271,1.401745,-2.163173,training_point
09:43:29.966,2,-2.95853,1.502243,-2.215292,training_point
09:43:30.049,1,-1.548017,1.401599,-2.163365,training_point
09:43:30.049,2,-2.957651,1.502172,-2.2152,training_point
09:43:30.132,1,-1.547479,1.402101,-2.163371,training_point
09:43:30.132,2,-2.956984,1.502243,-2.214924,training_point
09:43:30.215,1,-1.547339,1.402242,-2.163585,training_point
09:43:30.216,2,-2.958806,1.502089,-2.214941,training_point
09:43:30.299,1,-1.547263,1.402236,-2.163745,training_point
09:43:30.299,2,-2.958341,1.501743,-2.214765,training_point
09:43:30.382,1,-1.546922,1.402893,-2.163699,training_point
09:43:30.382,2,-2.957342,1.502242,-2.214747,training_point
09:43:30.465,1,-1.546685,1.403225,-2.164043,training_point
09:43:30.466,2,-2.956566,1.501991,-2.214515,training_point
09:43:30.549,1,-1.546627,1.403977,-2.164157,training_point
09:43:30.549,2,-2.956316,1.501873,-2.214585,training_point
09:43:30.632,1,-1.5459,1.403769,-2.164249,training_point
09:43:30.632,2,-2.956195,1.501984,-2.214408,training_point
09:43:30.715,1,-1.545294,1.404113,-2.164441,training_point
09:43:30.716,2,-2.955814,1.501289,-2.214236,training_point
09:43:30.799,1,-1.545082,1.404536,-2.164325,training_point
09:43:30.799,2,-2.958204,1.501532,-2.214308,training_point
09:43:30.900,1,-1.544718,1.404476,-2.164257,training_point
09:43:30.900,2,-2.95743,1.502038,-2.214345,training_point
09:43:30.982,1,-1.543859,1.404107,-2.163346,training_point
09:43:30.982,2,-2.956505,1.502012,-2.21373,training_point
09:43:31.065,1,-1.54351,1.403898,-2.163458,training_point
09:43:31.066,2,-2.956276,1.501496,-2.213607,training_point
09:43:31.149,1,-1.543247,1.404177,-2.163034,training_point
09:43:31.149,2,-2.955959,1.501686,-2.213594,training_point
09:43:31.232,1,-1.542757,1.403831,-2.162639,training_point
09:43:31.232,2,-2.95571,1.501809,-2.213743,training_point
09:43:31.318,1,-1.542697,1.403241,-2.162484,training_point
09:43:31.318,2,-2.956037,1.502106,-2.213635,training_point
09:43:31.416,1,-1.543633,1.403189,-2.162041,training_point
09:43:31.417,2,-2.956558,1.501612,-2.213686,training_point
09:43:31.499,1,-1.543155,1.403599,-2.161806,training_point
09:43:31.499,2,-2.960285,1.501873,-2.214608,training_point
09:43:31.582,1,-1.543052,1.403682,-2.161778,training_point
09:43:31.582,2,-2.96079,1.501323,-2.214998,training_point
09:43:31.665,1,-1.542984,1.403349,-2.161317,training_point
09:43:31.666,2,-2.960361,1.501305,-2.215397,training_point
09:43:31.750,1,-1.543061,1.403427,-2.160915,training_point
09:43:31.751,2,-2.959042,1.501312,-2.215617,training_point
09:43:31.832,1,-1.542777,1.403947,-2.1607,training_point
09:43:31.832,2,-2.958398,1.501336,-2.21624,training_point
09:43:31.917,1,-1.542503,1.403436,-2.160471,training_point
09:43:31.917,2,-2.957401,1.501981,-2.217048,training_point
09:43:31.999,1,-1.542439,1.40333,-2.160205,training_point
09:43:31.999,2,-2.95753,1.501514,-2.217918,training_point
09:43:32.132,1,-1.541687,1.403202,-2.159633,training_point
09:43:32.132,2,-2.957576,1.501475,-2.218018,training_point
09:43:32.283,1,-1.541286,1.403161,-2.158907,training_point
09:43:32.284,2,-2.957815,1.501087,-2.217885,training_point
09:43:32.365,1,-1.541222,1.403088,-2.158571,training_point
09:43:32.366,2,-2.959978,1.501165,-2.217655,training_point
09:43:32.499,1,-1.540949,1.403083,-2.158538,training_point
09:43:32.499,2,-2.9585,1.501411,-2.217011,training_point
09:43:32.632,1,-1.542742,1.403821,-2.157704,training_point
09:43:32.632,2,-2.958823,1.501518,-2.216846,training_point
09:43:32.716,1,-1.542052,1.403732,-2.1578,training_point
09:43:32.718,2,-2.959662,1.501572,-2.216245,training_point
09:43:32.799,1,-1.541157,1.403645,-2.157181,training_point
09:43:32.799,2,-2.959377,1.501168,-2.215998,training_point
09:43:32.933,1,-1.540142,1.403569,-2.156332,training_point
09:43:32.934,2,-2.959785,1.501377,-2.215379,training_point
09:43:33.016,1,-1.539852,1.403522,-2.155842,training_point
09:43:33.016,2,-2.959486,1.501308,-2.215338,training_point
09:43:33.100,1,-1.539396,1.40351,-2.15512,training_point
09:43:33.100,2,-2.960286,1.501436,-2.215562,training_point
09:43:33.182,1,-1.539405,1.402858,-2.155032,training_point
09:43:33.182,2,-2.960191,1.501505,-2.215493,training_point
09:43:33.266,1,-1.539455,1.40253,-2.154813,training_point
09:43:33.267,2,-2.960557,1.501514,-2.215521,training_point
09:43:33.349,1,-1.539317,1.40289,-2.154716,training_point
09:43:33.349,2,-2.959755,1.501565,-2.215784,training_point
09:43:33.499,1,-1.539165,1.403071,-2.154886,training_point
09:43:33.499,2,-2.961267,1.501628,-2.216314,training_point
09:43:33.582,1,-1.538872,1.403614,-2.154809,training_point
09:43:33.582,2,-2.960885,1.501642,-2.215998,training_point
09:43:33.715,1,-1.538029,1.403814,-2.155194,training_point
09:43:33.716,2,-2.959453,1.501778,-2.215419,training_point
09:43:33.866,1,-1.535762,1.403593,-2.155156,training_point
09:43:33.867,2,-2.959564,1.501652,-2.214793,training_point
09:43:33.949,1,-1.534665,1.40297,-2.155352,training_point
09:43:33.949,2,-2.959644,1.501691,-2.214736,training_point
09:43:34.033,1,-1.532758,1.402875,-2.155295,training_point
09:43:34.033,2,-2.958906,1.501396,-2.214322,training_point
09:43:34.115,1,-1.529723,1.401674,-2.155454,training_point
09:43:34.116,2,-2.958747,1.501626,-2.214053,training_point
09:43:34.266,1,-1.525612,1.400895,-2.156108,training_point
09:43:34.266,2,-2.958945,1.501347,-2.213659,training_point
09:43:34.349,1,-1.521946,1.401678,-2.156793,training_point
09:43:34.349,2,-2.958366,1.500623,-2.213237,training_point
09:43:34.432,1,-1.518402,1.401595,-2.157713,training_point
09:43:34.432,2,-2.959699,1.500889,-2.212834,training_point
09:43:34.516,1,-1.514076,1.401606,-2.159264,training_point
09:43:34.517,2,-2.958553,1.500404,-2.212545,training_point
09:43:34.599,1,-1.510187,1.400808,-2.160081,training_point
09:43:34.599,2,-2.958353,1.500927,-2.212538,training_point
09:43:34.749,1,-1.505065,1.400274,-2.162123,training_point
09:43:34.749,2,-2.958566,1.501432,-2.211995,training_point
09:43:34.832,1,-1.503495,1.399781,-2.163304,training_point
09:43:34.832,2,-2.958709,1.501447,-2.212068,training_point
09:43:34.915,1,-1.500518,1.400132,-2.165447,training_point
09:43:34.916,2,-2.958296,1.501616,-2.212047,training_point
09:43:34.999,1,-1.498776,1.401036,-2.16641,training_point
09:43:35.000,2,-2.958579,1.501629,-2.211423,training_point
09:43:35.082,1,-1.495377,1.40089,-2.168857,training_point
09:43:35.082,2,-2.959886,1.50126,-2.211357,training_point
09:43:35.165,1,-1.493479,1.401415,-2.171281,training_point
09:43:35.166,2,-2.959233,1.501305,-2.211687,training_point
09:43:35.249,1,-1.491303,1.402188,-2.173485,training_point
09:43:35.249,2,-2.958916,1.501418,-2.211316,training_point
09:43:35.333,1,-1.49009,1.403021,-2.173868,training_point
09:43:35.333,2,-2.958168,1.501497,-2.211055,training_point
09:43:35.415,1,-1.487437,1.402176,-2.176244,training_point
09:43:35.416,2,-2.958103,1.501469,-2.211181,training_point
09:43:35.549,1,-1.484979,1.400956,-2.178019,training_point
09:43:35.549,2,-2.958701,1.501647,-2.210596,training_point
09:43:35.633,1,-1.483661,1.399943,-2.179499,training_point
09:43:35.633,2,-2.957717,1.501472,-2.210498,training_point
09:43:35.715,1,-1.481874,1.399881,-2.181457,training_point
09:43:35.716,2,-2.957532,1.50109,-2.210401,training_point
09:43:35.800,1,-1.48075,1.399737,-2.181568,training_point
09:43:35.800,2,-2.957331,1.500515,-2.210209,training_point
09:43:35.882,1,-1.478252,1.399365,-2.182339,training_point
09:43:35.882,2,-2.957173,1.500581,-2.21007,training_point
09:43:36.016,1,-1.475374,1.399309,-2.183513,training_point
09:43:36.016,2,-2.956884,1.500841,-2.209942,training_point
09:43:36.165,1,-1.472134,1.399435,-2.185175,training_point
09:43:36.166,2,-2.95777,1.499395,-2.209722,training_point
09:43:36.317,1,-1.46702,1.398953,-2.187688,training_point
09:43:36.317,2,-2.957402,1.498523,-2.209635,training_point
09:43:36.399,1,-1.465375,1.398771,-2.18922,training_point
09:43:36.399,2,-2.957279,1.498517,-2.209793,training_point
09:43:36.532,1,-1.463695,1.398635,-2.191648,training_point
09:43:36.532,2,-2.95749,1.498132,-2.209848,training_point
09:43:36.616,1,-1.463366,1.398953,-2.193121,training_point
09:43:36.616,2,-2.95726,1.498367,-2.209731,training_point
09:43:36.699,1,-1.462543,1.398986,-2.194461,training_point
09:43:36.699,2,-2.959287,1.497748,-2.210552,training_point
09:43:36.832,1,-1.46193,1.398749,-2.19558,training_point
09:43:36.832,2,-2.959418,1.497723,-2.210584,training_point
09:43:36.983,1,-1.461865,1.398506,-2.195965,training_point
09:43:36.983,2,-2.96044,1.497829,-2.210417,training_point
09:43:37.066,1,-1.462225,1.398274,-2.196346,training_point
09:43:37.066,2,-2.960094,1.498001,-2.210382,training_point
09:43:37.149,1,-1.462072,1.39838,-2.19675,training_point
09:43:37.149,2,-2.959966,1.497974,-2.21016,training_point
09:43:37.233,1,-1.462388,1.398525,-2.196766,training_point
09:43:37.234,2,-2.959625,1.497893,-2.210155,training_point
09:43:37.315,1,-1.462551,1.398571,-2.197233,training_point
09:43:37.316,2,-2.959315,1.498079,-2.210102,training_point
09:43:37.399,1,-1.462666,1.39865,-2.197397,training_point
09:43:37.399,2,-2.959668,1.498608,-2.210132,training_point
09:43:37.482,1,-1.462707,1.398821,-2.197821,training_point
09:43:37.482,2,-2.961133,1.498389,-2.210396,training_point
09:43:37.565,1,-1.463112,1.39874,-2.198181,training_point
09:43:37.566,2,-2.960706,1.497997,-2.210206,training_point
09:43:37.649,1,-1.463385,1.398961,-2.198364,training_point
09:43:37.649,2,-2.961598,1.498385,-2.209564,training_point
09:43:37.733,1,-1.463214,1.398711,-2.198218,training_point
09:43:37.734,2,-2.96138,1.498767,-2.209294,training_point
09:43:37.815,1,-1.463278,1.398999,-2.198483,training_point
09:43:37.816,2,-2.960575,1.498113,-2.20907,training_point
09:43:37.900,1,-1.463129,1.398924,-2.19838,training_point
09:43:37.900,2,-2.961001,1.497682,-2.208821,training_point
09:43:37.982,1,-1.463005,1.399016,-2.198138,training_point
09:43:37.983,2,-2.960737,1.497718,-2.208775,training_point
09:43:38.066,1,-1.463035,1.399168,-2.197535,training_point
09:43:38.067,2,-2.960257,1.49783,-2.208518,training_point
09:43:38.166,1,-1.462743,1.399207,-2.197041,training_point
09:43:38.168,2,-2.960935,1.497508,-2.207902,training_point
09:43:38.249,1,-1.463203,1.399354,-2.195468,training_point
09:43:38.249,2,-2.962439,1.495961,-2.207406,training_point
09:43:38.332,1,-1.463454,1.399365,-2.195153,training_point
09:43:38.332,2,-2.961897,1.496111,-2.207354,training_point
09:43:38.466,1,-1.463288,1.399228,-2.194177,training_point
09:43:38.466,2,-2.961461,1.49717,-2.206971,training_point
09:43:38.549,1,-1.46317,1.399466,-2.193501,training_point
09:43:38.550,2,-2.961637,1.497342,-2.206749,training_point
09:43:38.632,1,-1.463332,1.399711,-2.19348,training_point
09:43:38.632,2,-2.961636,1.497522,-2.206532,training_point
09:43:38.765,1,-1.463843,1.399757,-2.192945,training_point
09:43:38.766,2,-2.961821,1.49813,-2.206051,training_point
09:43:38.899,1,-1.463095,1.399902,-2.19249,training_point
09:43:38.899,2,-2.961684,1.498093,-2.205613,training_point
09:43:38.982,1,-1.462903,1.399952,-2.192351,training_point
09:43:38.982,2,-2.962645,1.498076,-2.205699,training_point
09:43:39.066,1,-1.463021,1.399809,-2.19219,training_point
09:43:39.066,2,-2.964161,1.498094,-2.204937,training_point
09:43:39.150,1,-1.463173,1.399888,-2.192198,training_point
09:43:39.150,2,-2.964333,1.498415,-2.20482,training_point
09:43:39.232,1,-1.462671,1.400323,-2.192232,training_point
09:43:39.232,2,-2.964365,1.498255,-2.20473,training_point
09:43:39.316,1,-1.46252,1.400424,-2.192408,training_point
09:43:39.317,2,-2.963901,1.49819,-2.204683,training_point
09:43:39.399,1,-1.462401,1.400405,-2.192807,training_point
09:43:39.399,2,-2.964491,1.498117,-2.204787,training_point
09:43:39.532,1,-1.462163,1.400347,-2.193032,training_point
09:43:39.532,2,-2.964504,1.498042,-2.204459,training_point
09:43:39.616,1,-1.461757,1.400311,-2.194089,training_point
09:43:39.616,2,-2.964601,1.498006,-2.204268,training_point
09:43:39.701,1,-1.461617,1.40024,-2.194415,training_point
09:43:39.701,2,-2.964836,1.498354,-2.204017,training_point
09:43:39.782,1,-1.461577,1.400386,-2.194478,training_point
09:43:39.782,2,-2.966347,1.498607,-2.203563,training_point
09:43:39.866,1,-1.46139,1.400308,-2.194651,training_point
09:43:39.867,2,-2.965857,1.498268,-2.203581,training_point
09:43:39.949,1,-1.461672,1.400385,-2.195413,training_point
09:43:39.949,2,-2.967416,1.498271,-2.203996,training_point
09:43:40.082,1,-1.461613,1.40051,-2.195785,training_point
09:43:40.082,2,-2.967279,1.498054,-2.204094,training_point
09:43:40.215,1,-1.461932,1.400375,-2.196443,training_point
09:43:40.216,2,-2.96691,1.498508,-2.203972,training_point
09:43:40.366,1,-1.461931,1.400463,-2.197493,training_point
09:43:40.367,2,-2.966942,1.498732,-2.204472,training_point
09:43:40.449,1,-1.462107,1.40049,-2.197744,training_point
09:43:40.449,2,-2.968621,1.498531,-2.204762,training_point
09:43:40.582,1,-1.461951,1.400543,-2.198265,training_point
09:43:40.582,2,-2.969347,1.497611,-2.205355,training_point
09:43:40.715,1,-1.461837,1.400163,-2.199319,training_point
09:43:40.716,2,-2.968767,1.498237,-2.206324,training_point
09:43:40.799,1,-1.461885,1.400521,-2.199503,training_point
09:43:40.799,2,-2.968813,1.498127,-2.206655,training_point
09:43:40.884,1,-1.462082,1.400403,-2.199949,training_point
09:43:40.884,2,-2.969166,1.498023,-2.207431,training_point
09:43:40.966,1,-1.46234,1.400188,-2.20009,training_point
09:43:40.966,2,-2.970301,1.497946,-2.207799,training_point
09:43:41.049,1,-1.462913,1.400241,-2.200658,training_point
09:43:41.049,2,-2.968901,1.497979,-2.208417,training_point
09:43:41.132,1,-1.463366,1.400089,-2.200944,training_point
09:43:41.132,2,-2.97094,1.497792,-2.209144,training_point
09:43:41.217,1,-1.463676,1.400033,-2.201064,training_point
09:43:41.218,2,-2.968875,1.497795,-2.209696,training_point
09:43:41.299,1,-1.464105,1.399496,-2.201115,training_point
09:43:41.299,2,-2.968081,1.497807,-2.209978,training_point
09:43:41.432,1,-1.464404,1.399444,-2.201484,training_point
09:43:41.432,2,-2.967889,1.496389,-2.21077,training_point
09:43:41.584,1,-1.46468,1.399468,-2.201866,training_point
09:43:41.584,2,-2.967367,1.496455,-2.211277,training_point
09:43:41.682,1,-1.465041,1.399509,-2.201999,training_point
09:43:41.682,2,-2.967301,1.496664,-2.212001,training_point
09:43:41.766,1,-1.465255,1.399155,-2.20218,training_point
09:43:41.766,2,-2.966865,1.497051,-2.21225,training_point
09:43:41.849,1,-1.465404,1.399332,-2.202787,training_point
09:43:41.849,2,-2.966469,1.497296,-2.212005,training_point
09:43:41.932,1,-1.465133,1.399018,-2.202751,training_point
09:43:41.932,2,-2.965741,1.497518,-2.211863,training_point
09:43:42.016,1,-1.46517,1.399329,-2.202875,training_point
09:43:42.016,2,-2.965515,1.497539,-2.211659,training_point
09:43:42.101,1,-1.46511,1.399487,-2.202955,training_point
09:43:42.101,2,-2.966264,1.49782,-2.211497,training_point
09:43:42.249,1,-1.465244,1.399518,-2.203269,training_point
09:43:42.249,2,-2.966479,1.498141,-2.211256,training_point
09:43:42.350,1,-1.465156,1.399547,-2.203995,training_point
09:43:42.350,2,-2.966788,1.498479,-2.210712,training_point
09:43:42.451,1,-1.465239,1.400404,-2.203924,training_point
09:43:42.452,2,-2.966007,1.49858,-2.209626,training_point
09:43:42.549,1,-1.465708,1.400391,-2.203964,training_point
09:43:42.550,2,-2.965422,1.498733,-2.208957,training_point
09:43:42.632,1,-1.465877,1.399809,-2.204147,training_point
09:43:42.632,2,-2.966354,1.498711,-2.208339,training_point
09:43:42.717,1,-1.466276,1.399663,-2.204132,training_point
09:43:42.717,2,-2.966389,1.498687,-2.208021,training_point
09:43:42.799,1,-1.46617,1.39965,-2.204044,training_point
09:43:42.799,2,-2.966965,1.498757,-2.207639,training_point
09:43:42.882,1,-1.466177,1.399772,-2.20401,training_point
09:43:42.883,2,-2.96726,1.498646,-2.207511,training_point
09:43:42.966,1,-1.466163,1.399719,-2.203886,training_point
09:43:42.966,2,-2.967932,1.498451,-2.206733,training_point
09:43:43.051,1,-1.466178,1.399788,-2.203823,training_point
09:43:43.051,2,-2.968922,1.498283,-2.206493,training_point
09:43:43.132,1,-1.466563,1.40036,-2.203732,training_point
09:43:43.132,2,-2.969081,1.498564,-2.206631,training_point
09:43:43.266,1,-1.466276,1.401046,-2.203471,training_point
09:43:43.266,2,-2.968356,1.498528,-2.206389,training_point
09:43:43.366,1,-1.465997,1.40092,-2.203174,training_point
09:43:43.366,2,-2.968537,1.498413,-2.206368,training_point
09:43:43.449,1,-1.465739,1.401296,-2.202475,training_point
09:43:43.449,2,-2.968049,1.498446,-2.20654,training_point
09:43:43.533,1,-1.465747,1.401665,-2.20204,training_point
09:43:43.533,2,-2.967663,1.498008,-2.206502,training_point



